Workbook

Sheet Pump Change Risk
A1: Pump Change Risk Analysis — 16-18 Month Average Pump Life
A2: HIGH = running 12+ mo (due/overdue) | RECENTLY CHANGED = shutdown + restart in 2025 | DOWN NOW = not producing Dec 2025
A3: HIGH — DUE: 199 wells | WATCH: 11 wells | RECENTLY CHANGED: 14 wells | LOW: 31 wells | DOWN NOW: 30 wells
A5: Risk Level | B5: Well Identifier | C5: Facility Name | D5: Location | E5: Consec. Months Running | F5: Dec 2025 bbl/d | G5: 2025 Total bbl | H5: Prod Hours | I5: Shutdown Months | J5: Restart Months | K5: Status Note
A6: HIGH — DUE | B6: 100082908218W509 | C6: OBE HVS 08-28-082-18W5 | D6: 08-28-082-18W5 | E6: 12 | F6: 137.3 | G6: 75407 | H6: 8704 | K6: Running 12+ months (no shutdown in 2025) — likely at or past pump change window
A7: HIGH — DUE | B7: 102081807916W509 | C7: OBE PEAVINE 08-13-079-17W5 | D7: 13-079-17W5 | E7: 12 | F7: 118.6 | G7: 65335 | H7: 8753 | K7: Running 12+ months (no shutdown in 2025) — likely at or past pump change window
A8: HIGH — DUE | B8: 100141708317W509 | C8: OBE HVS 13-08-083-17W5 | D8: 13-08-083-17W5 | E8: 12 | F8: 158.3 | G8: 65082 | H8: 8530 | K8: Running 12+ months (no shutdown in 2025) — likely at or past pump change window
A9: HIGH — DUE | B9: 100151908317W509 | C9: OBE HVS 13-18-083-17W5 | D9: 13-18-083-17W5 | E9: 12 | F9: 113.8 | G9: 62143 | H9: 8553 | K9: Running 12+ months (no shutdown in 2025) — likely at or past pump change window
A10: HIGH — DUE | B10: 102041207917W508 | C10: OBE DAWSON 13-13-079-17W5 | D10: 13-13-079-17W5 | E10: 12 | F10: 109.4 | G10: 60920 | H10: 8682 | K10: Running 12+ months (no shutdown in 2025) — likely at or past pump change window
A11: HIGH — DUE | B11: 100051907916W509 | C11: OBE PEAVINE 08-13-079-17W5 | D11: 13-079-17W5 | E11: 12 | F11: 89.9 | G11: 55442 | H11: 8706 | K11: Running 12+ months (no shutdown in 2025) — likely at or past pump change window
A12: HIGH — DUE | B12: 100043208319W509 | C12: OBE CADOTTE 02-05-084-19W5 | D12: 05-084-19W5 | E12: 12 | F12: 115 | G12: 52271 | H12: 8064 | K12: Running 12+ months (no shutdown in 2025) — likely at or past pump change window
A13: HIGH — DUE | B13: 102011207917W509 | C13: OBE DAWSON 07-13-079-17W5 | D13: 13-079-17W5 | E13: 12 | F13: 60 | G13: 50927 | H13: 8500 | K13: Running 12+ months (no shutdown in 2025) — likely at or past pump change window
A14: HIGH — DUE | B14: 102143008216W509 | C14: OBE WALRUS 13-19-082-16W5 | D14: 19-082-16W5 | E14: 12 | F14: 126.3 | G14: 49412 | H14: 8656 | K14: Running 12+ months (no shutdown in 2025) — likely at or past pump change window
A15: HIGH — DUE | B15: 103012708218W509 | C15: OBE HVS 08-28-082-18W5 | D15: 08-28-082-18W5 | E15: 12 | F15: 64.4 | G15: 48127 | H15: 8685 | K15: Running 12+ months (no shutdown in 2025) — likely at or past pump change window
A16: HIGH — DUE | B16: 102082708218W509 | C16: OBE HVS 08-28-082-18W5 | D16: 08-28-082-18W5 | E16: 12 | F16: 65.7 | G16: 45754 | H16: 8667 | K16: Running 12+ months (no shutdown in 2025) — likely at or past pump change window
A17: HIGH — DUE | B17: 100081807916W509 | C17: OBE PEAVINE 08-13-079-17W5 | D17: 13-079-17W5 | E17: 12 | F17: 88.4 | G17: 45287 | H17: 8736 | K17: Running 12+ months (no shutdown in 2025) — likely at or past pump change window
... A204: HIGH — DUE | B204: 104090808215W500 | C204: OBE SEAL 13-08-082-15W5 | D204: 13-08-082-15W5 | E204: 12 | F204: 5.6 | G204: 1475 | H204: 8624 | K204: Running 12+ months (no shutdown in 2025) — likely at or past pump change window
A205: WATCH | B205: 100062207917W509 | C205: OBE DAWSON 04-23-079-17W5 | D205: 04-23-079-17W5 | E205: 10 | F205: 106.9 | G205: 52366 | H205: 6842 | J205: Mar | K205: Running 10 months — approaching window
A206: WATCH | B206: 102041108114W509 | C206: OBE SEAL 04-14-081-14W5 MWB | D206: 04-14-081-14W5 | E206: 10 | F206: 164 | G206: 50727 | H206: 7137 | J206: Mar | K206: Running 10 months — approaching window
A207: WATCH | B207: 102082107917W509 | C207: OBE DAWSON 04-23-079-17W5 | D207: 04-23-079-17W5 | E207: 10 | F207: 85.5 | G207: 34449 | H207: 7004 | J207: Mar | K207: Running 10 months — approaching window
A208: WATCH | B208: 103090508415W509 | C208: OBE NAMPA 09-06-084-15W5 | D208: 09-06-084-15W5 | E208: 10 | F208: 38.3 | G208: 15774 | H208: 6861 | J208: Mar | K208: Running 10 months — approaching window
A209: WATCH | B209: 1W0120408415W509 | C209: OBE NAMPA 09-06-084-15W5 | D209: 09-06-084-15W5 | E209: 10 | F209: 27.8 | G209: 11236 | H209: 6880 | J209: Mar | K209: Running 10 months — approaching window
A210: WATCH | B210: 102060108216W503 | C210: Pennwest Seal | D210: 13-06-082-15W5 | E210: 11 | F210: 30.4 | G210: 10510 | H210: 7716 | J210: Feb | K210: Running 11 months — approaching window
A211: WATCH | B211: 100042807916W500 | C211: OBE PEAVINE 13-16-079-16W5 | D211: 13-16-079-16W5 | E211: 11 | F211: 23.3 | G211: 7501 | H211: 8124 | J211: Feb | K211: Running 11 months — approaching window
A212: WATCH | B212: 100163408318W509 | C212: OBE CADOTTE 14-27-083-18W5 | D212: 14-27-083-18W5 | E212: 11 | F212: 7.7 | G212: 5907 | H212: 8065 | J212: Feb | K212: Running 11 months — approaching window
A213: WATCH | B213: 100160508317W509 | C213: OBE HVS 15-06-083-17W5 | D213: 15-06-083-17W5 | E213: 11 | F213: 14.6 | G213: 5246 | H213: 7232 | J213: Feb | K213: Running 11 months — approaching window
A214: WATCH | B214: 100092908318W509 | C214: OBE CADOTTE 13-27-083-18W5 | D214: 13-27-083-18W5 | E214: 11 | F214: 9.2 | G214: 4779 | H214: 8061 | J214: Feb | K214: Running 11 months — approaching window
A215: WATCH | B215: 102032308419W509 | C215: OBE CADOTTE 15-14-084-19W5 | D215: 15-14-084-19W5 | E215: 11 | F215: 7.2 | G215: 2974 | H215: 7756 | J215: Feb | K215: Running 11 months — approaching window
A216: RECENTLY CHANGED | B216: 100021908317W509 | C216: OBE HVS 14-07-083-17W5 MWB | D216: 14-07-083-17W5 | E216: 5 | F216: 272 | G216: 78009 | H216: 5034 | I216: Jul | J216: May, Aug | K216: Likely pump change around Aug — running 5 months since
A217: RECENTLY CHANGED | B217: 102162107917W509 | C217: OBE DAWSON 13-23-079-17W5 MWB | D217: 13-23-079-17W5 | E217: 5 | F217: 69.1 | G217: 25688 | H217: 7949 | I217: Jul | J217: Aug | K217: Likely pump change around Aug — running 5 months since
A218: RECENTLY CHANGED | B218: 100012807917W508 | C218: OBE DAWSON 13-23-079-17W5 MWB | D218: 13-23-079-17W5 | E218: 5 | F218: 85.4 | G218: 24820 | H218: 7578 | I218: Jul | J218: Aug | K218: Likely pump change around Aug — running 5 months since
A219: RECENTLY CHANGED | B219: 100021608216W509 | C219: OBE WALRUS 07-21-082-16W5 | D219: 07-21-082-16W5 | E219: 9 | F219: 62.4 | G219: 16823 | H219: 6640 | I219: Feb | J219: Apr | K219: Likely pump change around Apr — running 9 months since
A220: RECENTLY CHANGED | B220: 100032207917W509 | C220: OBE DAWSON 04-23-079-17W5 | D220: 04-23-079-17W5 | E220: 3 | F220: 79.4 | G220: 12477 | H220: 4124 | I220: Aug | J220: Apr, Oct | K220: Likely pump change around Oct — running 3 months since
A221: RECENTLY CHANGED | B221: 100043507917W509 | C221: OBE DAWSON 13-23-079-17W5 MWB | D221: 13-23-079-17W5 | E221: 5 | F221: 29.1 | G221: 12022 | H221: 7962 | I221: Jul | J221: Aug | K221: Likely pump change around Aug — running 5 months since
A222: RECENTLY CHANGED | B222: 100013508516W509 | C222: OBE NAMPA 07-34-085-16W5 | D222: 34-085-16W5 | E222: 2 | F222: 113.7 | G222: 11114 | H222: 2187 | I222: Apr | J222: Feb, Nov | K222: Likely pump change around Nov — running 2 months since
A223: RECENTLY CHANGED | B223: 100151208317W509 | C223: OBE WALRUS 15-01-083-17W5 | D223: 01-083-17W5 | E223: 3 | F223: 5.2 | G223: 4461 | H223: 5085 | I223: Jul | J223: Oct | K223: Likely pump change around Oct — running 3 months since
A224: RECENTLY CHANGED | B224: 103143008318W509 | C224: OBE CADOTTE 03-30-083-18W5 | D224: 03-30-083-18W5 | E224: 7 | F224: 1.3 | G224: 3717 | H224: 6767 | I224: Apr | J224: Jun | K224: Likely pump change around Jun — running 7 months since
A225: RECENTLY CHANGED | B225: 100013308218W509 | C225: OBE HVS 16-27-082-18W5 | D225: 16-27-082-18W5 | E225: 7 | F225: 12.7 | G225: 3492 | H225: 7374 | I225: May | J225: Jun | K225: Likely pump change around Jun — running 7 months since
A226: RECENTLY CHANGED | B226: 102043208318W509 | C226: OBE CADOTTE 04-29-083-18W5 | D226: 04-29-083-18W5 | E226: 6 | F226: 10.2 | G226: 3249 | H226: 6681 | I226: May | J226: Jul | K226: Likely pump change around Jul — running 6 months since
A227: RECENTLY CHANGED | B227: 100153108217W509 | C227: OBE HVS 02-05-082-17W5 | D227: 01-05-083-17W5 | E227: 9 | F227: 2.7 | G227: 3047 | H227: 7060 | I227: Mar | J227: Feb, Apr | K227: Likely pump change around Apr — running 9 months since
... A229: RECENTLY CHANGED | B229: 100151908318W509 | C229: OBE CADOTTE 03-29-083-18W5 | D229: 03-29-083-18W5 | E229: 4 | F229: 5.8 | G229: 1802 | H229: 7254 | I229: Jul | J229: Sep | K229: Likely pump change around Sep — running 4 months since
A230: LOW | B230: 102161808317W509 | C230: OBE HVS 13-08-083-17W5 | D230: 13-08-083-17W5 | E230: 9 | F230: 211.5 | G230: 75081 | H230: 6167 | J230: Apr | K230: Running 9 months
A231: LOW | B231: 100161508216W509 | C231: OBE WALRUS 07-21-082-16W5 | D231: 07-21-082-16W5 | E231: 8 | F231: 270.9 | G231: 71517 | H231: 5842 | J231: May | K231: Running 8 months
A232: LOW | B232: 102132307917W509 | C232: OBE DAWSON 04-23-079-17W5 | D232: 04-23-079-17W5 | E232: 9 | F232: 128.3 | G232: 61500 | H232: 6163 | J232: Apr | K232: Running 9 months
A233: LOW | B233: 100131708317W509 | C233: OBE HVS 13-08-083-17W5 | D233: 13-08-083-17W5 | E233: 9 | F233: 164.4 | G233: 56240 | H233: 6128 | J233: Apr | K233: Running 9 months
A234: LOW | B234: 100141808317W509 | C234: OBE HVS 14-07-083-17W5 MWB | D234: 14-07-083-17W5 | E234: 5 | F234: 222 | G234: 53339 | H234: 3476 | J234: Aug | K234: Running 5 months
A235: LOW | B235: 100052307917W509 | C235: OBE DAWSON 04-24-079-17W5 | D235: 04-24-079-17W5 | E235: 8 | F235: 135.5 | G235: 49092 | H235: 5866 | J235: May | K235: Running 8 months
A236: LOW | B236: 100012207917W509 | C236: OBE DAWSON 04-24-079-17W5 | D236: 04-24-079-17W5 | E236: 8 | F236: 123.7 | G236: 48584 | H236: 5868 | J236: May | K236: Running 8 months
A237: LOW | B237: 100061307917W509 | C237: OBE DAWSON 04-24-079-17W5 | D237: 04-24-079-17W5 | E237: 5 | F237: 199.7 | G237: 41562 | H237: 3662 | J237: Aug | K237: Running 5 months
A238: LOW | B238: 102052307917W508 | C238: OBE DAWSON 04-24-079-17W5 | D238: 04-24-079-17W5 | E238: 8 | F238: 113.9 | G238: 37091 | H238: 5456 | J238: May | K238: Running 8 months
A239: LOW | B239: 102141908317W509 | C239: OBE HVS 13-18-083-17W5 | D239: 13-18-083-17W5 | E239: 9 | F239: 78.2 | G239: 34389 | H239: 6191 | J239: Apr | K239: Running 9 months
A240: LOW | B240: 100122407917W508 | C240: OBE DAWSON 13-23-079-17W5 MWB | D240: 13-23-079-17W5 | E240: 5 | F240: 166.2 | G240: 33833 | H240: 3622 | J240: Aug | K240: Running 5 months
A241: LOW | B241: 100131808317W509 | C241: OBE HVS 14-07-083-17W5 MWB | D241: 14-07-083-17W5 | E241: 5 | F241: 204.4 | G241: 32818 | H241: 3543 | J241: Aug | K241: Running 5 months
... A260: LOW | B260: 100071907916W509 | C260: OBE PEAVINE 07-18-079-16W5 MWPB | D260: 18-079-16W5 | E260: 2 | F260: 185.1 | G260: 8983 | H260: 1206 | J260: Nov | K260: Running 2 months
A261: DOWN NOW | B261: 100052908516W509 | C261: OBE NAMPA 06-28-085-16W5 | D261: 28-085-16W5 | E261: 0 | F261: 0 | G261: 7995 | H261: 1954 | I261: Apr | K261: Not producing Dec 2025 — may be undergoing pump change now
A262: DOWN NOW | B262: 102052408218W502 | C262: OBE HVS 12-25-082-18W5 | D262: 12-25-082-18W5 | E262: 0 | F262: 0.3 | G262: 7241 | H262: 8060 | I262: Dec | K262: Not producing Dec 2025 — may be undergoing pump change now
A263: DOWN NOW | B263: 100062408218W503 | C263: OBE HVS 12-25-082-18W5 | D263: 12-25-082-18W5 | E263: 0 | F263: 1.4 | G263: 7069 | H263: 8142 | I263: Dec | K263: Not producing Dec 2025 — may be undergoing pump change now
A264: DOWN NOW | B264: 100011608114W509 | C264: OBE SEAL 04-14-081-14W5 MWB | D264: 04-14-081-14W5 | E264: 0 | F264: 0 | G264: 6151 | H264: 2520 | I264: Oct | J264: Jun | K264: Not producing Dec 2025 — may be undergoing pump change now
A265: DOWN NOW | B265: 104162408419W508 | C265: OBE CADOTTE 16-13-084-19W5 | D265: 16-13-084-19W5 | E265: 0 | F265: 0 | G265: 3083 | H265: 7683 | I265: Dec | K265: Not producing Dec 2025 — may be undergoing pump change now
A266: DOWN NOW | B266: 100101508013W500 | C266: OBE GIFT LAKE 15-22-080-13W5 | D266: 22-080-13W5 | E266: 0 | F266: 0 | G266: 3044 | H266: 852 | I266: Apr | J266: Feb | K266: Not producing Dec 2025 — may be undergoing pump change now
A267: DOWN NOW | B267: 100160808218W509 | C267: OBE HVS 16-09-082-18W5 | D267: 16-09-082-18W5 | E267: 0 | F267: 0 | G267: 2842 | H267: 3396 | I267: Jun, Nov | J267: Apr, Aug | K267: Not producing Dec 2025 — may be undergoing pump change now
A268: DOWN NOW | B268: 100160508215W500 | C268: OBE SEAL 13-08-082-15W5 | D268: 13-08-082-15W5 | E268: 0 | F268: 0.1 | G268: 1933 | H268: 7863 | I268: Dec | K268: Not producing Dec 2025 — may be undergoing pump change now
A269: DOWN NOW | B269: 104152408419W500 | C269: OBE CADOTTE 16-13-084-19W5 | D269: 16-13-084-19W5 | E269: 0 | F269: 0 | G269: 1530 | H269: 6912 | I269: Nov | K269: Not producing Dec 2025 — may be undergoing pump change now
A270: DOWN NOW | B270: 102132208419W509 | C270: OBE CADOTTE 13-15-084-19W5 | D270: 15-084-19W5 | E270: 0 | F270: 0 | G270: 1486 | H270: 971 | I270: Mar | K270: Not producing Dec 2025 — may be undergoing pump change now
A271: DOWN NOW | B271: 103142408419W500 | C271: OBE CADOTTE 14-13-084-19W5 | D271: 14-13-084-19W5 | E271: 0 | F271: 1 | G271: 1465 | H271: 7732 | I271: Dec | K271: Not producing Dec 2025 — may be undergoing pump change now
A272: DOWN NOW | B272: 103012207917W500 | C272: OBE DAWSON 04-24-079-17W5 | D272: 04-24-079-17W5 | E272: 0 | F272: 0 | G272: 1191 | H272: 1712 | I272: Aug | J272: May | K272: Not producing Dec 2025 — may be undergoing pump change now
A273: DOWN NOW | B273: 100080508215W500 | C273: OBE SEAL 13-08-082-15W5 | D273: 13-08-082-15W5 | E273: 0 | F273: 0 | G273: 1181 | H273: 2329 | I273: May | K273: Not producing Dec 2025 — may be undergoing pump change now
A274: DOWN NOW | B274: 100081408117W509 | C274: OBE HVS 15-15-081-17W5 | D274: 15-081-17W5 | E274: 0 | F274: 0 | G274: 1058 | H274: 938 | I274: Apr | J274: Feb | K274: Not producing Dec 2025 — may be undergoing pump change now
A275: DOWN NOW | B275: 100162408419W500 | C275: OBE CADOTTE 16-13-084-19W5 | D275: 16-13-084-19W5 | E275: 0 | F275: 0 | G275: 1049 | H275: 4824 | I275: Aug | K275: Not producing Dec 2025 — may be undergoing pump change now
A276: DOWN NOW | B276: 103052307917W500 | C276: OBE DAWSON 04-24-079-17W5 | D276: 04-24-079-17W5 | E276: 0 | F276: 0 | G276: 704 | H276: 1656 | I276: Aug | J276: May | K276: Not producing Dec 2025 — may be undergoing pump change now
A277: DOWN NOW | B277: 100121507815W500 | C277: OBE PEAVINE 11-14-078-15W5 | D277: 14-078-15W5 | E277: 0 | F277: 0 | G277: 693 | H277: 194 | K277: Not producing Dec 2025 — may be undergoing pump change now
A278: DOWN NOW | B278: 100152608117W508 | C278: OBE HVS 10-27-081-17W5 | D278: 27-081-17W5 | E278: 0 | F278: 0 | G278: 561 | H278: 653 | I278: Apr | J278: Feb | K278: Not producing Dec 2025 — may be undergoing pump change now
A279: DOWN NOW | B279: 100083108319W509 | C279: OBE CADOTTE 09-36-083-19W5 | D279: 36-083-20W5 | E279: 0 | F279: 0 | G279: 504 | H279: 796 | I279: Mar | J279: Feb | K279: Not producing Dec 2025 — may be undergoing pump change now
A280: DOWN NOW | B280: 102162108419W509 | C280: OBE CADOTTE 13-15-084-19W5 | D280: 15-084-19W5 | E280: 0 | F280: 0 | G280: 467 | H280: 656 | I280: Mar | J280: Feb | K280: Not producing Dec 2025 — may be undergoing pump change now
A281: DOWN NOW | B281: 100161208317W509 | C281: OBE WALRUS 15-01-083-17W5 | D281: 01-083-17W5 | E281: 0 | F281: 0 | G281: 386 | H281: 1031 | I281: Apr | J281: Feb | K281: Not producing Dec 2025 — may be undergoing pump change now
A282: DOWN NOW | B282: 100161808516W509 | C282: OBE NAMPA 13-08-085-16W5 | D282: 08-085-16W5 | E282: 0 | F282: 4.2 | G282: 259 | H282: 667 | I282: Apr | J282: Mar | K282: Not producing Dec 2025 — may be undergoing pump change now
A283: DOWN NOW | B283: 102020108318W508 | C283: OBE HVS 15-01-083-18W5 | D283: 15-01-083-18W5 | E283: 0 | F283: 0 | G283: 100 | H283: 204 | K283: Not producing Dec 2025 — may be undergoing pump change now
A284: DOWN NOW | B284: 100040108318W509 | C284: OBE HVS 15-01-083-18W5 | D284: 15-01-083-18W5 | E284: 0 | F284: 0 | G284: 72 | H284: 204 | K284: Not producing Dec 2025 — may be undergoing pump change now
A285: DOWN NOW | B285: 100020108318W502 | C285: OBE HVS 15-01-083-18W5 | D285: 15-01-083-18W5 | E285: 0 | F285: 0 | G285: 21 | H285: 216 | K285: Not producing Dec 2025 — may be undergoing pump change now
A286: DOWN NOW | B286: 100103108319W509 | C286: OBE CADOTTE 09-36-083-19W5 | D286: 36-083-20W5 | E286: 0 | F286: 0 | G286: 14 | H286: 161 | K286: Not producing Dec 2025 — may be undergoing pump change now
A287: DOWN NOW | B287: 100163008216W509 | C287: OBE WALRUS 15-19-082-16W5 | D287: 19-082-16W5 | E287: 0 | F287: 0 | G287: 11 | H287: 240 | I287: Feb | K287: Not producing Dec 2025 — may be undergoing pump change now
A288: DOWN NOW | B288: 100162608218W502 | C288: OBE HVS 09-25-082-18W5 | D288: 09-25-082-18W5 | E288: 0 | F288: 0 | G288: 8 | H288: 24 | K288: Not producing Dec 2025 — may be undergoing pump change now
A289: DOWN NOW | B289: 100060307722W502 | C289: N7 GIROUXVILLE 06-03/2 SWB | D289: 03-077-22W5 | E289: 0 | F289: 0 | G289: 1 | H289: 672 | I289: Jun | J289: May | K289: Not producing Dec 2025 — may be undergoing pump change now
A290: DOWN NOW | B290: 100093108319W509 | C290: OBE CADOTTE 09-36-083-19W5 | D290: 36-083-20W5 | E290: 0 | F290: 0 | G290: 1 | H290: 93 | K290: Not producing Dec 2025 — may be undergoing pump change now

Sheet Downtime Analysis
A1: Pump Change / Downtime Flagging — Peace River 2025
A2: Monthly uptime % per well | RED = <50% uptime | YELLOW = 50-80% | GREEN = >80% | Blank = not producing that month
A4: Well Identifier | B4: Facility | C4: Total Downtime (days) | D4: Annual Uptime % | E4: Jan | F4: Feb | G4: Mar | H4: Apr | I4: May | J4: Jun | K4: Jul | L4: Aug | M4: Sep | N4: Oct | O4: Nov | P4: Dec | Q4: Flag
A5: 100162608218W502 | B5: OBE HVS 09-25-082-18W5 | C5: 364 | D5: 0.002739726 | E5: 0.032258065 | F5: DOWN | G5: DOWN | H5: DOWN | I5: DOWN | J5: DOWN | K5: DOWN | L5: DOWN | M5: DOWN | N5: DOWN | O5: DOWN | P5: DOWN | Q5: FULL SHUTDOWN
A6: 100093108319W509 | B6: OBE CADOTTE 09-36-083-19W5 | C6: 361.1 | D6: 0.010616438 | E6: 0.125 | F6: DOWN | G6: DOWN | H6: DOWN | I6: DOWN | J6: DOWN | K6: DOWN | L6: DOWN | M6: DOWN | N6: DOWN | O6: DOWN | P6: DOWN | Q6: FULL SHUTDOWN
A7: 102020108318W508 | B7: OBE HVS 15-01-083-18W5 | C7: 356.5 | D7: 0.023287671 | E7: 0.27419355 | F7: DOWN | G7: DOWN | H7: DOWN | I7: DOWN | J7: DOWN | K7: DOWN | L7: DOWN | M7: DOWN | N7: DOWN | O7: DOWN | P7: DOWN | Q7: FULL SHUTDOWN
A8: 100040108318W509 | B8: OBE HVS 15-01-083-18W5 | C8: 356.5 | D8: 0.023287671 | E8: 0.27419355 | F8: DOWN | G8: DOWN | H8: DOWN | I8: DOWN | J8: DOWN | K8: DOWN | L8: DOWN | M8: DOWN | N8: DOWN | O8: DOWN | P8: DOWN | Q8: FULL SHUTDOWN
A9: 100020108318W502 | B9: OBE HVS 15-01-083-18W5 | C9: 356 | D9: 0.024657534 | E9: 0.29032258 | F9: DOWN | G9: DOWN | H9: DOWN | I9: DOWN | J9: DOWN | K9: DOWN | L9: DOWN | M9: DOWN | N9: DOWN | O9: DOWN | P9: DOWN | Q9: FULL SHUTDOWN
A10: 100163008216W509 | B10: OBE WALRUS 15-19-082-16W5 | C10: 355 | D10: 0.02739726 | E10: 0.32258065 | F10: DOWN | G10: DOWN | H10: DOWN | I10: DOWN | J10: DOWN | K10: DOWN | L10: DOWN | M10: DOWN | N10: DOWN | O10: DOWN | P10: DOWN | Q10: FULL SHUTDOWN
A11: 102162108419W509 | B11: OBE CADOTTE 13-15-084-19W5 | C11: 337.7 | D11: 0.074885845 | E11: 0.052419355 | F11: 0.91815476 | G11: DOWN | H11: DOWN | I11: DOWN | J11: DOWN | K11: DOWN | L11: DOWN | M11: DOWN | N11: DOWN | O11: DOWN | P11: DOWN | Q11: FULL SHUTDOWN
A12: 100103108319W509 | B12: OBE CADOTTE 09-36-083-19W5 | C12: 327.3 | D12: 0.018378995 | F12: 0.23363095 | G12: 0.0053763441 | H12: DOWN | I12: DOWN | J12: DOWN | K12: DOWN | L12: DOWN | M12: DOWN | N12: DOWN | O12: DOWN | P12: DOWN | Q12: FULL SHUTDOWN
A13: 102132208419W509 | B13: OBE CADOTTE 13-15-084-19W5 | C13: 324.5 | D13: 0.11084475 | E13: 0.94086022 | F13: 0.40327381 | G13: DOWN | H13: DOWN | I13: DOWN | J13: DOWN | K13: DOWN | L13: DOWN | M13: DOWN | N13: DOWN | O13: DOWN | P13: DOWN | Q13: FULL SHUTDOWN
A14: 100152608117W508 | B14: OBE HVS 10-27-081-17W5 | C14: 306.8 | D14: 0.074543379 | F14: 0.32142857 | G14: 0.58736559 | H14: DOWN | I14: DOWN | J14: DOWN | K14: DOWN | L14: DOWN | M14: DOWN | N14: DOWN | O14: DOWN | P14: DOWN | Q14: FULL SHUTDOWN
A15: 100083108319W509 | B15: OBE CADOTTE 09-36-083-19W5 | C15: 300.8 | D15: 0.09086758 | F15: 0.85267857 | G15: 0.29973118 | H15: DOWN | I15: DOWN | J15: DOWN | K15: DOWN | L15: DOWN | M15: DOWN | N15: DOWN | O15: DOWN | P15: DOWN | Q15: FULL SHUTDOWN
A16: 100101508013W500 | B16: OBE GIFT LAKE 15-22-080-13W5 | C16: 298.5 | D16: 0.097260274 | F16: 0.76785714 | G16: 0.4516129 | H16: DOWN | I16: DOWN | J16: DOWN | K16: DOWN | L16: DOWN | M16: DOWN | N16: DOWN | O16: DOWN | P16: DOWN | Q16: FULL SHUTDOWN
A17: 100121507815W500 | B17: OBE PEAVINE 11-14-078-15W5 | C17: 297.9 | D17: 0.022146119 | G17: 0.26075269 | H17: DOWN | I17: DOWN | J17: DOWN | K17: DOWN | L17: DOWN | M17: DOWN | N17: DOWN | O17: DOWN | P17: DOWN | Q17: FULL SHUTDOWN
A18: 100081408117W509 | B18: OBE HVS 15-15-081-17W5 | C18: 294.9 | D18: 0.10707763 | F18: 0.6577381 | G18: 0.66666667 | H18: DOWN | I18: DOWN | J18: DOWN | K18: DOWN | L18: DOWN | M18: DOWN | N18: DOWN | O18: DOWN | P18: DOWN | Q18: FULL SHUTDOWN
A19: 100161208317W509 | B19: OBE WALRUS 15-01-083-17W5 | C19: 291 | D19: 0.11769406 | F19: 0.88541667 | G19: 0.58602151 | H19: DOWN | I19: DOWN | J19: DOWN | K19: DOWN | L19: DOWN | M19: DOWN | N19: DOWN | O19: DOWN | P19: DOWN | Q19: FULL SHUTDOWN
A20: 100052908516W509 | B20: OBE NAMPA 06-28-085-16W5 | C20: 283.6 | D20: 0.22305936 | E20: 1 | F20: 1 | G20: 0.72311828 | H20: DOWN | I20: DOWN | J20: DOWN | K20: DOWN | L20: DOWN | M20: DOWN | N20: DOWN | O20: DOWN | P20: DOWN | Q20: FULL SHUTDOWN
A21: 100161808516W509 | B21: OBE NAMPA 13-08-085-16W5 | C21: 278.2 | D21: 0.076141553 | G21: 0.64516129 | H21: DOWN | I21: DOWN | J21: DOWN | K21: DOWN | L21: DOWN | M21: DOWN | N21: DOWN | O21: DOWN | P21: 0.25134409 | Q21: FULL SHUTDOWN
A22: 100080508215W500 | B22: OBE SEAL 13-08-082-15W5 | C22: 268 | D22: 0.26586758 | E22: 0.93817204 | F22: 0.94642857 | G22: 0.98655914 | H22: 0.3625 | I22: DOWN | J22: DOWN | K22: DOWN | L22: DOWN | M22: DOWN | N22: DOWN | O22: DOWN | P22: DOWN | Q22: FULL SHUTDOWN
A23: 100013508516W509 | B23: OBE NAMPA 07-34-085-16W5 | C23: 242.9 | D23: 0.24965753 | F23: 0.92708333 | G23: 0.71639785 | H23: DOWN | I23: DOWN | J23: DOWN | K23: DOWN | L23: DOWN | M23: DOWN | N23: DOWN | O23: 0.4 | P23: 0.99865591 | Q23: FULL SHUTDOWN
A24: 100060307722W502 | B24: N7 GIROUXVILLE 06-03/2 SWB | C24: 217 | D24: 0.076712329 | I24: 0.90322581 | J24: DOWN | K24: DOWN | L24: DOWN | M24: DOWN | N24: DOWN | O24: DOWN | P24: DOWN | Q24: FULL SHUTDOWN
A25: 103052307917W500 | B25: OBE DAWSON 04-24-079-17W5 | C25: 176 | D25: 0.1890411 | I25: 0.35483871 | J25: 1 | K25: 0.90322581 | L25: DOWN | M25: DOWN | N25: DOWN | O25: DOWN | P25: DOWN | Q25: FULL SHUTDOWN
A26: 103012207917W500 | B26: OBE DAWSON 04-24-079-17W5 | C26: 173.7 | D26: 0.19543379 | I26: 0.43010753 | J26: 1 | K26: 0.90322581 | L26: DOWN | M26: DOWN | N26: DOWN | O26: DOWN | P26: DOWN | Q26: FULL SHUTDOWN
A27: 100162408419W500 | B27: OBE CADOTTE 16-13-084-19W5 | C27: 164 | D27: 0.55068493 | E27: 1 | F27: 1 | G27: 1 | H27: 1 | I27: 1 | J27: 1 | K27: 0.64516129 | L27: DOWN | M27: DOWN | N27: DOWN | O27: DOWN | P27: DOWN | Q27: FULL SHUTDOWN
A28: 100151208317W509 | B28: OBE WALRUS 15-01-083-17W5 | C28: 153.1 | D28: 0.58047945 | E28: 0.32258065 | F28: 0.63690476 | G28: 0.99462366 | H28: 0.79166667 | I28: 0.9516129 | J28: 0.37083333 | K28: DOWN | L28: DOWN | M28: DOWN | N28: 0.89784946 | O28: 1 | P28: 1 | Q28: FULL SHUTDOWN
A29: 100160808218W509 | B29: OBE HVS 16-09-082-18W5 | C29: 133.5 | D29: 0.38767123 | H29: 0.97361111 | I29: 0.82526882 | J29: DOWN | K29: DOWN | L29: 0.98521505 | M29: 1 | N29: 0.84408602 | O29: DOWN | P29: DOWN | Q29: FULL SHUTDOWN
A30: 100011608114W509 | B30: OBE SEAL 04-14-081-14W5 MWB | C30: 109 | D30: 0.28767123 | J30: 0.96388889 | K30: 0.98924731 | L30: 0.93817204 | M30: 0.54444444 | N30: DOWN | O30: DOWN | P30: DOWN | Q30: FULL SHUTDOWN
A31: 100032207917W509 | B31: OBE DAWSON 04-23-079-17W5 | C31: 103.2 | D31: 0.47077626 | H31: 0.38888889 | I31: 0.91397849 | J31: 0.96666667 | K31: 0.41935484 | L31: DOWN | M31: DOWN | N31: 0.93010753 | O31: 1 | P31: 1 | Q31: FULL SHUTDOWN
A32: 100021608216W509 | B32: OBE WALRUS 07-21-082-16W5 | C32: 88.3 | D32: 0.75799087 | E32: 0.84005376 | F32: DOWN | G32: DOWN | H32: 0.3875 | I32: 0.81317204 | J32: 1 | K32: 1 | L32: 1 | M32: 1 | N32: 1 | O32: 1 | P32: 0.99327957 | Q32: FULL SHUTDOWN
A33: 102043208318W509 | B33: OBE CADOTTE 04-29-083-18W5 | C33: 86.6 | D33: 0.76267123 | E33: 1 | F33: 1 | G33: 1 | H33: 0.775 | I33: DOWN | J33: DOWN | K33: 0.41935484 | L33: 0.99193548 | M33: 1 | N33: 1 | O33: 1 | P33: 0.97983871 | Q33: FULL SHUTDOWN
A34: 102153108217W509 | B34: OBE HVS 14-05-083-17W5 | C34: 83.5 | D34: 0.77134703 | E34: 1 | F34: 0.86160714 | G34: 0.80376344 | H34: 0.58194444 | I34: 0.63306452 | J34: 0.5625 | K34: 0.37903226 | L34: 0.44489247 | M34: 1 | N34: 1 | O34: 1 | P34: 1 | Q34: MAJOR DOWNTIME
A35: 103143008318W509 | B35: OBE CADOTTE 03-30-083-18W5 | C35: 83 | D35: 0.77248858 | E35: 1 | F35: 0.96428571 | G35: 0.60215054 | H35: 0.11944444 | I35: 0.13172043 | J35: 0.55416667 | K35: 1 | L35: 0.93548387 | M35: 1 | N35: 1 | O35: 1 | P35: 0.96774194 | Q35: MAJOR DOWNTIME
A36: 104152408419W500 | B36: OBE CADOTTE 16-13-084-19W5 | C36: 77 | D36: 0.7890411 | E36: 1 | F36: 1 | G36: 1 | H36: 1 | I36: 1 | J36: 0.8 | K36: 0.70967742 | L36: 1 | M36: 1 | N36: 0.96774194 | O36: DOWN | P36: DOWN | Q36: FULL SHUTDOWN
A37: 100140808317W509 | B37: OBE HVS 14-05-083-17W5 | C37: 72.5 | D37: 0.80125571 | E37: 1 | F37: 0.75892857 | G37: 0.79569892 | H37: 0.39305556 | I37: 0.56451613 | J37: 0.73472222 | K37: 0.63037634 | L37: 0.7311828 | M37: 1 | N37: 1 | O37: 1 | P37: 1 | Q37: MAJOR DOWNTIME
A38: 100153108217W509 | B38: OBE HVS 02-05-082-17W5 | C38: 70.8 | D38: 0.80593607 | E38: 0.047043011 | F38: 0.92857143 | G38: 0.10215054 | H38: 0.65138889 | I38: 0.97446237 | J38: 0.99305556 | K38: 1 | L38: 1 | M38: 1 | N38: 1 | O38: 1 | P38: 1 | Q38: MAJOR DOWNTIME
A39: 100023208319W509 | B39: OBE CADOTTE 02-05-084-19W5 | C39: 67.4 | D39: 0.81541096 | E39: 0.61827957 | F39: 0.69345238 | G39: 0.56317204 | H39: 0.775 | I39: 0.63709677 | J39: 0.68194444 | K39: 0.99865591 | L39: 0.8172043 | M39: 1 | N39: 0.99731183 | O39: 0.99722222 | P39: 1
A40: 102151908217W509 | B40: OBE HVS 03-19-082-17W5 | C40: 66 | D40: 0.81906393 | E40: 0.99596774 | F40: 0.96428571 | G40: 0.93951613 | H40: 0.95694444 | I40: 0.99462366 | J40: DOWN | K40: 1 | L40: 0.9811828 | M40: 1 | N40: DOWN | O40: 1 | P40: 1 | Q40: FULL SHUTDOWN
A41: 100160508317W509 | B41: OBE HVS 15-06-083-17W5 | C41: 63.7 | D41: 0.82557078 | E41: 0.096774194 | F41: 0.95535714 | G41: 0.91801075 | H41: 0.65833333 | I41: 0.61827957 | J41: 0.8375 | K41: 0.84139785 | L41: 1 | M41: 1 | N41: 1 | O41: 1 | P41: 1 | Q41: MAJOR DOWNTIME
A42: 100151908318W509 | B42: OBE CADOTTE 03-29-083-18W5 | C42: 62.8 | D42: 0.82808219 | E42: 1 | F42: 1 | G42: 1 | H42: 1 | I42: 1 | J42: 1 | K42: DOWN | L42: DOWN | M42: 1 | N42: 0.97580645 | O42: 1 | P42: 1 | Q42: FULL SHUTDOWN
A43: 100013308218W509 | B43: OBE HVS 16-27-082-18W5 | C43: 57.8 | D43: 0.84178082 | E43: 1 | F43: 1 | G43: 1 | H43: 0.50833333 | I43: DOWN | J43: 0.6 | K43: 1 | L43: 1 | M43: 1 | N43: 1 | O43: 1 | P43: 1 | Q43: FULL SHUTDOWN
A44: 102131607816W500 | B44: OBE PEAVINE 11-15-078-16W5 | C44: 51.5 | D44: 0.85901826 | E44: 0.88306452 | F44: 0.94940476 | G44: 1 | H44: 0.97777778 | I44: 0.86962366 | J44: 0.5 | K44: 0.71102151 | L44: 0.80913978 | M44: 0.94305556 | N44: 1 | O44: 0.99861111 | P44: 0.67473118 | Q44: MAJOR DOWNTIME
A45: 100012807917W508 | B45: OBE DAWSON 13-23-079-17W5 MWB | C45: 49.2 | D45: 0.86506849 | E45: 1 | F45: 1 | G45: 1 | H45: 1 | I45: 1 | J45: 1 | K45: 0.12903226 | L45: 0.8655914 | M45: 0.69722222 | N45: 0.70967742 | O45: 1 | P45: 1 | Q45: MAJOR DOWNTIME
A46: 104162408419W508 | B46: OBE CADOTTE 16-13-084-19W5 | C46: 44.9 | D46: 0.87705479 | E46: 0.9905914 | F46: 0.97916667 | G46: 1 | H46: 1 | I46: 1 | J46: 1 | K46: 1 | L46: 1 | M46: 1 | N46: 1 | O46: 0.56666667 | P46: DOWN | Q46: FULL SHUTDOWN
A47: 100031308218W509 | B47: OBE HVS 12-13-082-18W5 | C47: 44.2 | D47: 0.87876712 | E47: 1 | F47: 0.8139881 | G47: 0.90188172 | H47: 1 | I47: 1 | J47: 1 | K47: 0.93010753 | L47: 0.85752688 | M47: 1 | N47: 1 | O47: 0.63333333 | P47: 0.40591398 | Q47: MAJOR DOWNTIME
A48: 100160808317W509 | B48: OBE HVS 14-05-083-17W5 | C48: 44 | D48: 0.87945205 | E48: 1 | F48: 0.85565476 | G48: 0.8655914 | H48: 0.71111111 | I48: 0.65053763 | J48: 0.80416667 | K48: 0.79032258 | L48: 0.87365591 | M48: 1 | N48: 1 | O48: 1 | P48: 1
A49: 102060108216W503 | B49: Pennwest Seal | C49: 43.5 | D49: 0.88082192 | E49: 0.17741935 | F49: 0.53571429 | G49: 0.92204301 | H49: 0.99444444 | I49: 1 | J49: 1 | K49: 1 | L49: 1 | M49: 1 | N49: 1 | O49: 1 | P49: 0.92204301
A50: 103142408419W500 | B50: OBE CADOTTE 14-13-084-19W5 | C50: 42.8 | D50: 0.8826484 | E50: 1 | F50: 1 | G50: 0.96774194 | H50: 1 | I50: 1 | J50: 0.95 | K50: 0.77419355 | L50: 0.98924731 | M50: 0.8 | N50: 1 | O50: 0.96666667 | P50: 0.16129032 | Q50: MAJOR DOWNTIME
A51: 100023208318W509 | B51: OBE CADOTTE 03-29-083-18W5 | C51: 38.9 | D51: 0.89349315 | E51: 1 | F51: 1 | G51: 0.8266129 | H51: 0.59305556 | I51: 0.48924731 | J51: 0.90416667 | K51: 1 | L51: 0.98924731 | M51: 1 | N51: 0.99193548 | O51: 1 | P51: 0.93548387 | Q51: MAJOR DOWNTIME
A52: 100033208319W509 | B52: OBE CADOTTE 02-05-084-19W5 | C52: 38.2 | D52: 0.89543379 | E52: 1 | F52: 0.99702381 | G52: 0.67069892 | H52: 0.76805556 | I52: 0.66532258 | J52: 0.73888889 | K52: 0.99865591 | L52: 0.93145161 | M52: 1 | N52: 0.98521505 | O52: 0.99722222 | P52: 1 | Q52: MAJOR DOWNTIME
A53: 100163107715W500 | B53: OBE DAWSON 10-36-077-15W5 | C53: 38.1 | D53: 0.8956621 | E53: 1 | F53: 1 | G53: 0.83870968 | H53: 1 | I53: 1 | J53: 1 | K53: 0.98387097 | L53: 0.36827957 | M53: 0.91388889 | N53: 0.89247312 | O53: 0.87777778 | P53: 0.88978495 | Q53: MAJOR DOWNTIME
A54: 103160808215W500 | B54: OBE SEAL 13-08-082-15W5 | C54: 37.8 | D54: 0.89634703 | E54: 0.47849462 | F54: 0.98214286 | G54: 0.98655914 | H54: 0.98333333 | I54: 0.80645161 | J54: 0.86805556 | K54: 0.8938172 | L54: 0.96774194 | M54: 0.89444444 | N54: 0.99731183 | O54: 1 | P54: 0.91129032
A55: 100160508215W500 | B55: OBE SEAL 13-08-082-15W5 | C55: 37.4 | D55: 0.89760274 | E55: 1 | F55: 0.98214286 | G55: 0.98655914 | H55: 0.99583333 | I55: 1 | J55: 0.98055556 | K55: 0.85080645 | L55: 0.99596774 | M55: 0.975 | N55: 0.95967742 | O55: 1 | P55: 0.064516129 | Q55: MAJOR DOWNTIME
A56: 100040608317W502 | B56: OBE HVS 14-25-082-18W5 | C56: 37.2 | D56: 0.89805936 | E56: 1 | F56: 0.89732143 | G56: 0.89650538 | H56: 0.70833333 | I56: 0.70430108 | J56: 0.88055556 | K56: 0.93548387 | L56: 0.87096774 | M56: 0.9 | N56: 1 | O56: 1 | P56: 0.97983871 | Q56: MAJOR DOWNTIME
A57: 100131607816W500 | B57: OBE PEAVINE 11-15-078-16W5 | C57: 36.7 | D57: 0.89954338 | E57: 0.88306452 | F57: 0.94494048 | G57: 1 | H57: 0.95555556 | I57: 0.73790323 | J57: 0.86805556 | K57: 0.96908602 | L57: 0.80913978 | M57: 0.91944444 | N57: 1 | O57: 0.99861111 | P57: 0.71774194 | Q57: MAJOR DOWNTIME
A58: 100022008318W509 | B58: OBE CADOTTE 03-29-083-18W5 | C58: 36.5 | D58: 0.89988584 | E58: 1 | F58: 1 | G58: 0.83602151 | H58: 0.68194444 | I58: 0.60887097 | J58: 0.81388889 | K58: 1 | L58: 0.96102151 | M58: 1 | N58: 0.96774194 | O58: 1 | P58: 0.93548387
A59: 102113608218W509 | B59: OBE HVS 14-25-082-18W5 | C59: 36.2 | D59: 0.90079909 | E59: 0.98655914 | F59: 0.96577381 | G59: 0.77688172 | H59: 0.63194444 | I59: 0.65860215 | J59: 0.85138889 | K59: 0.94086022 | L59: 1 | M59: 1 | N59: 1 | O59: 1 | P59: 1
A60: 100043007816W500 | B60: OBE PEAVINE 12-31-078-16W5 | C60: 35.4 | D60: 0.90308219 | E60: 0.98655914 | F60: 1 | G60: 1 | H60: 1 | I60: 1 | J60: 0.99722222 | K60: 0.99462366 | L60: 0.89112903 | M60: 0.40277778 | N60: 1 | O60: 0.96111111 | P60: 0.60483871 | Q60: MAJOR DOWNTIME
A61: 100021908317W509 | B61: OBE HVS 14-07-083-17W5 MWB | C61: 35.2 | D61: 0.57465753 | I61: 0.89112903 | J61: 1 | K61: 0.12903226 | L61: 0.97043011 | M61: 0.97361111 | N61: 0.90322581 | O61: 1 | P61: 0.99462366 | Q61: MAJOR DOWNTIME
A62: 100163607716W500 | B62: OBE DAWSON 02-02-078-16W5 SWB | C62: 34.5 | D62: 0.90559361 | E62: 1 | F62: 0.94345238 | G62: 1 | H62: 0.95416667 | I62: 0.95833333 | J62: 0.88611111 | K62: 0.98387097 | L62: 1 | M62: 0.96666667 | N62: 0.95967742 | O62: 0.78333333 | P62: 0.43413978 | Q62: MAJOR DOWNTIME
A63: 100041608012W509 | B63: OBE GIFT LAKE 04-15-080-12W5 | C63: 34.3 | D63: 0.90605023 | E63: 0.31989247 | F63: 0.92857143 | G63: 0.99865591 | H63: 1 | I63: 1 | J63: 0.85 | K63: 1 | L63: 1 | M63: 0.97222222 | N63: 0.93548387 | O63: 0.95 | P63: 0.92473118
A64: 102162107917W509 | B64: OBE DAWSON 13-23-079-17W5 MWB | C64: 33.8 | D64: 0.90742009 | E64: 1 | F64: 1 | G64: 1 | H64: 0.97916667 | I64: 1 | J64: 1 | K64: 0.064516129 | L64: 0.86827957 | M64: 0.99722222 | N64: 1 | O64: 1 | P64: 1 | Q64: MAJOR DOWNTIME
A65: 100043507917W509 | B65: OBE DAWSON 13-23-079-17W5 MWB | C65: 33.2 | D65: 0.90890411 | E65: 1 | F65: 1 | G65: 1 | H65: 1 | I65: 1 | J65: 1 | K65: 0.064516129 | L65: 0.8655914 | M65: 0.99722222 | N65: 1 | O65: 1 | P65: 1 | Q65: MAJOR DOWNTIME
A66: 100041908318W509 | B66: OBE CADOTTE 03-30-083-18W5 | C66: 32.5 | D66: 0.9109589 | E66: 1 | F66: 1 | G66: 0.85483871 | H66: 0.64166667 | I66: 0.67204301 | J66: 0.79444444 | K66: 1 | L66: 1 | M66: 1 | N66: 0.98387097 | O66: 1 | P66: 0.98655914 | Q66: MAJOR DOWNTIME
A67: 104041808217W509 | B67: OBE HVS 04-19-082-17W5 | C67: 32.2 | D67: 0.91175799 | E67: 1 | F67: 1 | G67: 0.90994624 | H67: 0.46805556 | I67: 0.61021505 | J67: 0.95416667 | K67: 1 | L67: 1 | M67: 1 | N67: 1 | O67: 1 | P67: 1 | Q67: MAJOR DOWNTIME
A68: 103010508215W509 | B68: OBE SEAL 13-08-082-15W5 | C68: 32 | D68: 0.91244292 | E68: 0.99193548 | F68: 1 | G68: 0.98655914 | H68: 0.99583333 | I68: 0.69354839 | J68: 0.81388889 | K68: 0.83870968 | L68: 0.87096774 | M68: 0.95416667 | N68: 0.93817204 | O68: 1 | P68: 0.87768817 | Q68: MAJOR DOWNTIME
A69: 100041308218W509 | B69: OBE HVS 12-13-082-18W5 | C69: 29.8 | D69: 0.91849315 | E69: 1 | F69: 0.8764881 | G69: 0.33467742 | H69: 1 | I69: 1 | J69: 1 | K69: 0.95026882 | L69: 0.875 | M69: 1 | N69: 1 | O69: 0.99166667 | P69: 1 | Q69: MAJOR DOWNTIME
A70: 102052408218W502 | B70: OBE HVS 12-25-082-18W5 | C70: 29.2 | D70: 0.92009132 | E70: 1 | F70: 0.88541667 | G70: 0.94354839 | H70: 1 | I70: 1 | J70: 1 | K70: 0.96102151 | L70: 1 | M70: 1 | N70: 1 | O70: 1 | P70: 0.25806452 | Q70: MAJOR DOWNTIME
A71: 100142208419W509 | B71: OBE CADOTTE 15-15-084-19W5 | C71: 29.1 | D71: 0.92020548 | E71: 1 | F71: 1 | G71: 1 | H71: 1 | I71: 0.93413978 | J71: 0.96666667 | K71: 0.99462366 | L71: 0.74462366 | M71: 1 | N71: 1 | O71: 1 | P71: 0.41935484 | Q71: MAJOR DOWNTIME
A72: 100092908318W509 | B72: OBE CADOTTE 13-27-083-18W5 | C72: 29.1 | D72: 0.92020548 | E72: 0.15456989 | F72: 0.97916667 | G72: 1 | H72: 1 | I72: 0.94892473 | J72: 1 | K72: 1 | L72: 0.97580645 | M72: 1 | N72: 1 | O72: 1 | P72: 1
A73: 100043208319W509 | B73: OBE CADOTTE 02-05-084-19W5 | C73: 29 | D73: 0.92054795 | E73: 1 | F73: 0.98958333 | G73: 0.86290323 | H73: 0.76111111 | I73: 0.7594086 | J73: 0.77777778 | K73: 0.99865591 | L73: 0.90456989 | M73: 1 | N73: 0.99731183 | O73: 0.99722222 | P73: 1
A74: 100163408318W509 | B74: OBE CADOTTE 14-27-083-18W5 | C74: 29 | D74: 0.9206621 | E74: 0.15322581 | F74: 0.97916667 | G74: 1 | H74: 1 | I74: 1 | J74: 1 | K74: 0.97177419 | L74: 1 | M74: 1 | N74: 0.99462366 | O74: 0.98888889 | P74: 0.97580645
A75: 102092107917W509 | B75: OBE DAWSON 13-23-079-17W5 MWB | C75: 28 | D75: 0.34257991 | L75: 0.33467742 | M75: 0.75555556 | N75: 1 | O75: 1 | P75: 1 | Q75: CHRONIC LOW UPTIME
A76: 104093508218W509 | B76: OBE HVS 14-25-082-18W5 | C76: 26.8 | D76: 0.92671233 | E76: 1 | F76: 0.79613095 | G76: 0.9327957 | H76: 0.72638889 | I76: 0.77688172 | J76: 0.9125 | K76: 0.96102151 | L76: 1 | M76: 1 | N76: 1 | O76: 1 | P76: 1
A77: 100042807916W500 | B77: OBE PEAVINE 13-16-079-16W5 | C77: 26.5 | D77: 0.92739726 | E77: 0.25806452 | F77: 0.89880952 | G77: 0.9811828 | H77: 1 | I77: 1 | J77: 1 | K77: 1 | L77: 1 | M77: 1 | N77: 0.99731183 | O77: 1 | P77: 1
A78: 100160207816W500 | B78: OBE DAWSON 02-02-078-16W5 MWB | C78: 26.3 | D78: 0.92796804 | E78: 1 | F78: 0.95833333 | G78: 1 | H78: 0.96805556 | I78: 0.97177419 | J78: 1 | K78: 0.95564516 | L78: 0.40456989 | M78: 1 | N78: 0.9811828 | O78: 0.98333333 | P78: 0.9233871 | Q78: MAJOR DOWNTIME
A79: 1W0133108217W509 | B79: OBE HVS 13-05-083-18W5 | C79: 26 | D79: 0.92865297 | E79: 1 | F79: 1 | G79: 0.42069892 | H79: 0.73333333 | I79: 1 | J79: 1 | K79: 0.99865591 | L79: 0.99865591 | M79: 1 | N79: 1 | O79: 1 | P79: 1 | Q79: MAJOR DOWNTIME
A80: 100160608316W509 | B80: OBE WALRUS 15-01-083-17W5 | C80: 26 | D80: 0.92876712 | E80: 0.71102151 | F80: 0.95833333 | G80: 0.7688172 | H80: 0.99444444 | I80: 0.77419355 | J80: 0.99444444 | K80: 0.99327957 | L80: 1 | M80: 0.96111111 | N80: 1 | O80: 1 | P80: 1
A81: 100092707917W508 | B81: OBE DAWSON 09-28-079-17W5 BT | C81: 25.9 | D81: 0.34817352 | L81: 0.19354839 | M81: 0.97916667 | N81: 0.9905914 | O81: 1 | P81: 1 | Q81: CHRONIC LOW UPTIME
A82: 100160607916W500 | B82: OBE PEAVINE 13-31-078-16W5 | C82: 25.9 | D82: 0.92910959 | E82: 0.97043011 | F82: 1 | G82: 0.50806452 | H82: 0.78055556 | I82: 1 | J82: 0.99305556 | K82: 0.98924731 | L82: 1 | M82: 1 | N82: 0.91666667 | O82: 1 | P82: 1 | Q82: MAJOR DOWNTIME
A83: 100162707917W508 | B83: OBE DAWSON 09-28-079-17W5 BT | C83: 25.8 | D83: 0.34863014 | L83: 0.18010753 | M83: 0.98888889 | N83: 1 | O83: 1 | P83: 1 | Q83: CHRONIC LOW UPTIME
A84: 100062408218W503 | B84: OBE HVS 12-25-082-18W5 | C84: 25.8 | D84: 0.92945205 | E84: 1 | F84: 0.97916667 | G84: 0.98655914 | H84: 1 | I84: 1 | J84: 1 | K84: 0.96102151 | L84: 0.98924731 | M84: 1 | N84: 1 | O84: 0.99305556 | P84: 0.25806452 | Q84: MAJOR DOWNTIME
A85: 102040508317W509 | B85: OBE HVS 13-30-082-17W5 | C85: 25.2 | D85: 0.93105023 | E85: 1 | F85: 0.96428571 | G85: 0.97043011 | H85: 0.90972222 | I85: 0.38172043 | J85: 0.975 | K85: 0.99462366 | L85: 0.98521505 | M85: 1 | N85: 1 | O85: 1 | P85: 1 | Q85: MAJOR DOWNTIME
A86: 102082707917W508 | B86: OBE DAWSON 09-28-079-17W5 BT | C86: 24.8 | D86: 0.2663242 | M86: 0.18333333 | N86: 0.9905914 | O86: 1 | P86: 1 | Q86: CHRONIC LOW UPTIME
A87: 102092308218W509 | B87: OBE HVS 14-25-082-18W5 | C87: 24.6 | D87: 0.93253425 | E87: 1 | F87: 0.91815476 | G87: 0.99731183 | H87: 0.98472222 | I87: 0.88575269 | J87: 0.87638889 | K87: 0.97043011 | L87: 1 | M87: 0.7 | N87: 0.87096774 | O87: 1 | P87: 0.97983871 | Q87: MAJOR DOWNTIME
A88: 100052807917W508 | B88: OBE DAWSON 05-27-079-17W5 MWPB | C88: 24.4 | D88: 0.93321918 | E88: 1 | F88: 1 | G88: 1 | H88: 0.99305556 | I88: 0.99865591 | J88: 0.98888889 | K88: 1 | L88: 1 | M88: 0.73055556 | N88: 0.67069892 | O88: 0.81666667 | P88: 1
A89: 104160808215W509 | B89: OBE SEAL 13-08-082-15W5 | C89: 24.2 | D89: 0.93356164 | E89: 0.99327957 | F89: 1 | G89: 0.98655914 | H89: 0.99583333 | I89: 0.87903226 | J89: 0.98055556 | K89: 0.98655914 | L89: 0.64784946 | M89: 0.98333333 | N89: 0.9811828 | O89: 1 | P89: 0.78225806 | Q89: MAJOR DOWNTIME
A90: 100010107816W500 | B90: OBE DAWSON 02-02-078-16W5 MWB | C90: 23.9 | D90: 0.93447489 | E90: 1 | F90: 0.98214286 | G90: 1 | H90: 0.98333333 | I90: 1 | J90: 0.99166667 | K90: 1 | L90: 1 | M90: 0.85694444 | N90: 0.89650538 | O90: 0.95277778 | P90: 0.55645161 | Q90: MAJOR DOWNTIME
A91: 100090608316W509 | B91: OBE WALRUS 15-01-083-17W5 | C91: 23.8 | D91: 0.93493151 | E91: 0.57526882 | F91: 0.73660714 | G91: 0.99462366 | H91: 1 | I91: 0.9516129 | J91: 0.99444444 | K91: 0.99731183 | L91: 1 | M91: 0.96388889 | N91: 0.99327957 | O91: 1 | P91: 1
A92: 100013007816W500 | B92: OBE PEAVINE 07-31-078-16W5 | C92: 23.5 | D92: 0.93561644 | E92: 0.91532258 | F92: 0.51785714 | G92: 0.85349462 | H92: 0.98888889 | I92: 0.98252688 | J92: 1 | K92: 1 | L92: 0.97715054 | M92: 1 | N92: 0.99193548 | O92: 1 | P92: 0.96774194 | Q92: MAJOR DOWNTIME
A93: 100150108318W509 | B93: OBE HVS 15-06-083-17W5 | C93: 22.5 | D93: 0.93847032 | E93: 1 | F93: 0.98958333 | G93: 0.77284946 | H93: 0.56666667 | I93: 0.96102151 | J93: 0.98888889 | K93: 0.9811828 | L93: 1 | M93: 1 | N93: 1 | O93: 1 | P93: 1 | Q93: MAJOR DOWNTIME
A94: 102033208217W509 | B94: OBE HVS 06-04-083-17W5 | C94: 22.4 | D94: 0.93869863 | E94: 1 | F94: 1 | G94: 0.79704301 | H94: 0.86111111 | I94: 0.88978495 | J94: 0.97916667 | K94: 1 | L94: 1 | M94: 0.98611111 | N94: 1 | O94: 0.75138889 | P94: 1
A95: 100013208319W509 | B95: OBE CADOTTE 02-05-084-19W5 | C95: 21.9 | D95: 0.93995434 | E95: 0.99865591 | F95: 0.88988095 | G95: 1 | H95: 0.925 | I95: 0.78494624 | J95: 0.78055556 | K95: 0.99865591 | L95: 0.92473118 | M95: 1 | N95: 0.9811828 | O95: 0.99722222 | P95: 0.99193548
A96: 100091007816W500 | B96: OBE PEAVINE 03-10-078-16W5 | C96: 21.8 | D96: 0.9402968 | E96: 0.97580645 | F96: 0.99107143 | G96: 1 | H96: 0.99722222 | I96: 0.98387097 | J96: 0.64444444 | K96: 1 | L96: 0.96774194 | M96: 0.75 | N96: 0.97849462 | O96: 1 | P96: 0.98790323 | Q96: MAJOR DOWNTIME
A97: 100132407917W508 | B97: OBE DAWSON 13-23-079-17W5 MWB | C97: 21.1 | D97: 0.36130137 | L97: 0.32123656 | M97: 0.99722222 | N97: 1 | O97: 1 | P97: 1 | Q97: CHRONIC LOW UPTIME
A98: 102013007816W500 | B98: OBE PEAVINE 07-31-078-16W5 | C98: 21.1 | D98: 0.94212329 | E98: 0.8938172 | F98: 0.75446429 | G98: 0.80376344 | H98: 0.99583333 | I98: 1 | J98: 1 | K98: 1 | L98: 0.97715054 | M98: 1 | N98: 0.93682796 | O98: 0.99722222 | P98: 0.93548387
A99: 100062207917W509 | B99: OBE DAWSON 04-23-079-17W5 | C99: 20.9 | D99: 0.78105023 | G99: 0.5483871 | H99: 0.93888889 | I99: 1 | J99: 0.83055556 | K99: 1 | L99: 1 | M99: 1 | N99: 1 | O99: 1 | P99: 1
A100: 103090808215W500 | B100: OBE SEAL 13-08-082-15W5 | C100: 20.9 | D100: 0.94280822 | E100: 0.97446237 | F100: 1 | G100: 0.98655914 | H100: 0.92916667 | I100: 0.81989247 | J100: 0.98055556 | K100: 0.90994624 | L100: 0.96102151 | M100: 0.86527778 | N100: 0.92473118 | O100: 1 | P100: 0.96774194
A101: 100161208318W509 | B101: OBE HVS 16-01-083-18W5 | C101: 20.8 | D101: 0.94292237 | E101: 1 | F101: 0.99255952 | G101: 0.6733871 | H101: 0.65416667 | I101: 1 | J101: 1 | K101: 1 | L101: 0.99596774 | M101: 1 | N101: 1 | O101: 1 | P101: 1 | Q101: MAJOR DOWNTIME
...

Sheet Well Summary
A1: Obsidian Energy Ltd. — Peace River 2025 Production Summary
A2: Source: Alberta Energy Regulator Volumetric Data | All volumes in m³, oil rates in bbl/day
A4: Well Identifier | B4: Facility Name | C4: Location | D4: Type | E4: 2025 Oil (m³) | F4: 2025 Oil (bbl) | G4: 2025 Water (m³) | H4: 2025 Gas (e3m³) | I4: Prod Hours | J4: Uptime % | K4: Months Active | L4: Avg bbl/cal day | M4: Avg bbl/prod day
A5: 100021908317W509 | B5: OBE HVS 14-07-083-17W5 MWB | C5: 14-07-083-17W5 | D5: CRUDE BITUMEN MULTIWELL PRORATION BATTERY | E5: 12402.5 | F5: =E5*6.2898 -> 78009.245 | G5: 3200.8 | H5: 422 | I5: 5034 | J5: =I5/(365*24) -> 0.57465753 | K5: 8 | L5: =F5/365 -> 213.72396 | M5: =IF(I5>0,F5/(I5/24),0) -> 371.91535
A6: 100082908218W509 | B6: OBE HVS 08-28-082-18W5 | C6: 08-28-082-18W5 | D6: CRUDE BITUMEN MULTIWELL GROUP BATTERY | E6: 11988.8 | F6: =E6*6.2898 -> 75407.154 | G6: 4829.5 | H6: 2233.1 | I6: 8704 | J6: =I6/(365*24) -> 0.99360731 | K6: 12 | L6: =F6/365 -> 206.59494 | M6: =IF(I6>0,F6/(I6/24),0) -> 207.92414
A7: 102161808317W509 | B7: OBE HVS 13-08-083-17W5 | C7: 13-08-083-17W5 | D7: CRUDE BITUMEN MULTIWELL PRORATION BATTERY | E7: 11937 | F7: =E7*6.2898 -> 75081.343 | G7: 5351.9 | H7: 358.3 | I7: 6167 | J7: =I7/(365*24) -> 0.70399543 | K7: 9 | L7: =F7/365 -> 205.70231 | M7: =IF(I7>0,F7/(I7/24),0) -> 292.19267
A8: 100161508216W509 | B8: OBE WALRUS 07-21-082-16W5 | C8: 07-21-082-16W5 | D8: CRUDE BITUMEN MULTIWELL PRORATION BATTERY | E8: 11370.3 | F8: =E8*6.2898 -> 71516.913 | G8: 6762.3 | H8: 86.4 | I8: 5842 | J8: =I8/(365*24) -> 0.66689498 | K8: 8 | L8: =F8/365 -> 195.93675 | M8: =IF(I8>0,F8/(I8/24),0) -> 293.8045
A9: 102081807916W509 | B9: OBE PEAVINE 08-13-079-17W5 | C9: 13-079-17W5 | D9: CRUDE BITUMEN MULTIWELL PRORATION BATTERY | E9: 10387.5 | F9: =E9*6.2898 -> 65335.297 | G9: 2367.8 | H9: 155.7 | I9: 8753 | J9: =I9/(365*24) -> 0.99920091 | K9: 12 | L9: =F9/365 -> 179.00082 | M9: =IF(I9>0,F9/(I9/24),0) -> 179.14397
A10: 100141708317W509 | B10: OBE HVS 13-08-083-17W5 | C10: 13-08-083-17W5 | D10: CRUDE BITUMEN MULTIWELL PRORATION BATTERY | E10: 10347.3 | F10: =E10*6.2898 -> 65082.448 | G10: 1846.4 | H10: 1026.5 | I10: 8530 | J10: =I10/(365*24) -> 0.97374429 | K10: 12 | L10: =F10/365 -> 178.30808 | M10: =IF(I10>0,F10/(I10/24),0) -> 183.11591
A11: 100151908317W509 | B11: OBE HVS 13-18-083-17W5 | C11: 13-18-083-17W5 | D11: CRUDE BITUMEN MULTIWELL PRORATION BATTERY | E11: 9879.9 | F11: =E11*6.2898 -> 62142.595 | G11: 3746.2 | H11: 858.4 | I11: 8553 | J11: =I11/(365*24) -> 0.97636986 | K11: 12 | L11: =F11/365 -> 170.25368 | M11: =IF(I11>0,F11/(I11/24),0) -> 174.37417
A12: 102132307917W509 | B12: OBE DAWSON 04-23-079-17W5 | C12: 04-23-079-17W5 | D12: CRUDE BITUMEN MULTIWELL PRORATION BATTERY | E12: 9777.7 | F12: =E12*6.2898 -> 61499.777 | G12: 2093.1 | H12: 194.7 | I12: 6163 | J12: =I12/(365*24) -> 0.70353881 | K12: 9 | L12: =F12/365 -> 168.49254 | M12: =IF(I12>0,F12/(I12/24),0) -> 239.49289
A13: 102041207917W508 | B13: OBE DAWSON 13-13-079-17W5 | C13: 13-13-079-17W5 | D13: CRUDE BITUMEN MULTIWELL GROUP BATTERY | E13: 9685.6 | F13: =E13*6.2898 -> 60920.487 | G13: 1810.3 | H13: 747.9 | I13: 8682 | J13: =I13/(365*24) -> 0.99109589 | K13: 12 | L13: =F13/365 -> 166.90544 | M13: =IF(I13>0,F13/(I13/24),0) -> 168.40494
A14: 100131708317W509 | B14: OBE HVS 13-08-083-17W5 | C14: 13-08-083-17W5 | D14: CRUDE BITUMEN MULTIWELL PRORATION BATTERY | E14: 8941.5 | F14: =E14*6.2898 -> 56240.247 | G14: 3307 | H14: 295.3 | I14: 6128 | J14: =I14/(365*24) -> 0.69954338 | K14: 9 | L14: =F14/365 -> 154.08287 | M14: =IF(I14>0,F14/(I14/24),0) -> 220.26206
A15: 100051907916W509 | B15: OBE PEAVINE 08-13-079-17W5 | C15: 13-079-17W5 | D15: CRUDE BITUMEN MULTIWELL PRORATION BATTERY | E15: 8814.6 | F15: =E15*6.2898 -> 55442.071 | G15: 1465.3 | H15: 292.1 | I15: 8706 | J15: =I15/(365*24) -> 0.99383562 | K15: 12 | L15: =F15/365 -> 151.89609 | M15: =IF(I15>0,F15/(I15/24),0) -> 152.83824
A16: 100141808317W509 | B16: OBE HVS 14-07-083-17W5 MWB | C16: 14-07-083-17W5 | D16: CRUDE BITUMEN MULTIWELL PRORATION BATTERY | E16: 8480.2 | F16: =E16*6.2898 -> 53338.762 | G16: 4875.8 | H16: 601.1 | I16: 3476 | J16: =I16/(365*24) -> 0.39680365 | K16: 5 | L16: =F16/365 -> 146.13359 | M16: =IF(I16>0,F16/(I16/24),0) -> 368.27684
... A289: 100093108319W509 | B289: OBE CADOTTE 09-36-083-19W5 | C289: 36-083-20W5 | D289: CRUDE BITUMEN MULTIWELL PRORATION BATTERY | E289: 0.1 | F289: =E289*6.2898 -> 0.62898 | G289: 402.5 | H289: 168.7 | I289: 93 | J289: =I289/(365*24) -> 0.010616438 | K289: 1 | L289: =F289/365 -> 0.0017232329 | M289: =IF(I289>0,F289/(I289/24),0) -> 0.16231742
A290: TOTAL | E290: =SUM(E5:E289) -> 703831.5 | F290: =SUM(F5:F289) -> 4426959.4 | G290: =SUM(G5:G289) -> 691076 | H290: =SUM(H5:H289) -> 162288.2 | I290: =SUM(I5:I289) -> 2052174

Sheet Monthly Oil (m³)
A1: Monthly Oil Production (m³)
A3: Well Identifier | B3: Facility | C3: Jan | D3: Feb | E3: Mar | F3: Apr | G3: May | H3: Jun | I3: Jul | J3: Aug | K3: Sep | L3: Oct | M3: Nov | N3: Dec | O3: Total
A4: 100021908317W509 | B4: OBE HVS 14-07-083-17W5 MWB | G4: 1981.1 | H4: 2350.7 | I4: 232.9 | J4: 1930.5 | K4: 1584.5 | L4: 1481.9 | M4: 1500.1 | N4: 1340.8 | O4: =SUM(C4:N4) -> 12402.5
A5: 100082908218W509 | B5: OBE HVS 08-28-082-18W5 | C5: 1046.2 | D5: 1235.7 | E5: 1297.5 | F5: 1004.6 | G5: 1012.3 | H5: 1080.8 | I5: 1140 | J5: 1055.9 | K5: 968.2 | L5: 912.6 | M5: 558.1 | N5: 676.9 | O5: =SUM(C5:N5) -> 11988.8
A6: 102161808317W509 | B6: OBE HVS 13-08-083-17W5 | F6: 711.7 | G6: 2014.9 | H6: 1503.5 | I6: 1385 | J6: 1387.1 | K6: 1617.4 | L6: 1172.3 | M6: 1102.5 | N6: 1042.6 | O6: =SUM(C6:N6) -> 11937
A7: 100161508216W509 | B7: OBE WALRUS 07-21-082-16W5 | G7: 1783 | H7: 1809.6 | I7: 1472.5 | J7: 1476.6 | K7: 1247.1 | L7: 1189.2 | M7: 1057.1 | N7: 1335.2 | O7: =SUM(C7:N7) -> 11370.3
A8: 102081807916W509 | B8: OBE PEAVINE 08-13-079-17W5 | C8: 1308.6 | D8: 1111.4 | E8: 1042.7 | F8: 929.3 | G8: 900.1 | H8: 801.6 | I8: 836.7 | J8: 813.8 | K8: 731.3 | L8: 704.1 | M8: 623.2 | N8: 584.7 | O8: =SUM(C8:N8) -> 10387.5
A9: 100141708317W509 | B9: OBE HVS 13-08-083-17W5 | C9: 921.3 | D9: 987.4 | E9: 1083.2 | F9: 934.2 | G9: 1178.5 | H9: 745.5 | I9: 761.5 | J9: 829.5 | K9: 770.6 | L9: 752.4 | M9: 603 | N9: 780.2 | O9: =SUM(C9:N9) -> 10347.3
A10: 100151908317W509 | B10: OBE HVS 13-18-083-17W5 | C10: 1443.1 | D10: 988.2 | E10: 1390.3 | F10: 1156.5 | G10: 906.5 | H10: 576.2 | I10: 457.5 | J10: 519.1 | K10: 669.4 | L10: 622 | M10: 590.3 | N10: 560.8 | O10: =SUM(C10:N10) -> 9879.9
A11: 102132307917W509 | B11: OBE DAWSON 04-23-079-17W5 | F11: 651.3 | G11: 1917.5 | H11: 1642.6 | I11: 1483.7 | J11: 1130.3 | K11: 866.7 | L11: 806.5 | M11: 646.9 | N11: 632.2 | O11: =SUM(C11:N11) -> 9777.7
A12: 102041207917W508 | B12: OBE DAWSON 13-13-079-17W5 | C12: 1237.9 | D12: 920.8 | E12: 974.5 | F12: 891.7 | G12: 871.8 | H12: 930.4 | I12: 770.5 | J12: 719.1 | K12: 616 | L12: 641.5 | M12: 572.2 | N12: 539.2 | O12: =SUM(C12:N12) -> 9685.6
A13: 100131708317W509 | B13: OBE HVS 13-08-083-17W5 | F13: 873.5 | G13: 1397.3 | H13: 1443.3 | I13: 1186.7 | J13: 831.9 | K13: 734.2 | L13: 830.7 | M13: 833.4 | N13: 810.5 | O13: =SUM(C13:N13) -> 8941.5
A14: 100051907916W509 | B14: OBE PEAVINE 08-13-079-17W5 | C14: 1288.3 | D14: 972.8 | E14: 994.1 | F14: 888 | G14: 746.2 | H14: 746.5 | I14: 689.9 | J14: 595.4 | K14: 514 | L14: 487.5 | M14: 448.8 | N14: 443.1 | O14: =SUM(C14:N14) -> 8814.6
A15: 100141808317W509 | B15: OBE HVS 14-07-083-17W5 MWB | J15: 2274.8 | K15: 2145 | L15: 1624.4 | M15: 1341.9 | N15: 1094.1 | O15: =SUM(C15:N15) -> 8480.2
A16: 100062207917W509 | B16: OBE DAWSON 04-23-079-17W5 | E16: 522.9 | F16: 1383.5 | G16: 1293.5 | H16: 873.3 | I16: 984 | J16: 862.6 | K16: 667.4 | L16: 648.8 | M16: 562.7 | N16: 526.8 | O16: =SUM(C16:N16) -> 8325.5
A17: 100043208319W509 | B17: OBE CADOTTE 02-05-084-19W5 | C17: 961.1 | D17: 840.6 | E17: 652.5 | F17: 786.4 | G17: 772.4 | H17: 774 | I17: 698.9 | J17: 554.3 | K17: 582.6 | L17: 573.7 | M17: 547.4 | N17: 566.6 | O17: =SUM(C17:N17) -> 8310.5
A18: 102011207917W509 | B18: OBE DAWSON 07-13-079-17W5 | C18: 973.3 | D18: 883.9 | E18: 948.5 | F18: 857.2 | G18: 792.6 | H18: 704.9 | I18: 670.9 | J18: 621.2 | K18: 555.4 | L18: 532.7 | M18: 260.3 | N18: 295.8 | O18: =SUM(C18:N18) -> 8096.7
A19: 102041108114W509 | B19: OBE SEAL 04-14-081-14W5 MWB | E19: 104 | F19: 1222.6 | G19: 870 | H19: 646 | I19: 781.6 | J19: 1279.3 | K19: 949.8 | L19: 690.2 | M19: 713.4 | N19: 808.1 | O19: =SUM(C19:N19) -> 8065
A20: 102143008216W509 | B20: OBE WALRUS 13-19-082-16W5 | C20: 757.1 | D20: 648.2 | E20: 706.3 | F20: 619.7 | G20: 623.3 | H20: 627.2 | I20: 680.5 | J20: 663.7 | K20: 625.1 | L20: 657.5 | M20: 625 | N20: 622.3 | O20: =SUM(C20:N20) -> 7855.9
A21: 100052307917W509 | B21: OBE DAWSON 04-24-079-17W5 | G21: 1588.1 | H21: 1044.8 | I21: 1042.3 | J21: 1133.8 | K21: 850 | L21: 772 | M21: 706.2 | N21: 667.8 | O21: =SUM(C21:N21) -> 7805
A22: 100012207917W509 | B22: OBE DAWSON 04-24-079-17W5 | G22: 1650.9 | H22: 1311.1 | I22: 1092.1 | J22: 921 | K22: 707.9 | L22: 750.9 | M22: 680.6 | N22: 609.8 | O22: =SUM(C22:N22) -> 7724.3
A23: 103012708218W509 | B23: OBE HVS 08-28-082-18W5 | C23: 1156.3 | D23: 1010.5 | E23: 983.3 | F23: 746.6 | G23: 749.1 | H23: 622.9 | I23: 321.9 | J23: 422.8 | K23: 453.1 | L23: 462 | M23: 405.7 | N23: 317.4 | O23: =SUM(C23:N23) -> 7651.6
A24: 102082708218W509 | B24: OBE HVS 08-28-082-18W5 | C24: 1129.4 | D24: 918.4 | E24: 1026.2 | F24: 805.3 | G24: 582.1 | H24: 436.2 | I24: 446 | J24: 432.1 | K24: 363.1 | L24: 380.1 | M24: 431.5 | N24: 323.9 | O24: =SUM(C24:N24) -> 7274.3
A25: 100081807916W509 | B25: OBE PEAVINE 08-13-079-17W5 | C25: 1026.5 | D25: 781 | E25: 824.3 | F25: 698 | G25: 556.2 | H25: 524 | I25: 503.9 | J25: 502.8 | K25: 453.1 | L25: 445.7 | M25: 448.9 | N25: 435.6 | O25: =SUM(C25:N25) -> 7200
A26: 100053207917W508 | B26: OBE DAWSON 12-33-079-17W5 | C26: 870.1 | D26: 740 | E26: 764.5 | F26: 717 | G26: 727.8 | H26: 679.7 | I26: 671 | J26: 493.8 | K26: 295.5 | L26: 212.3 | M26: 435.2 | N26: 408.9 | O26: =SUM(C26:N26) -> 7015.8
A27: 100132908216W509 | B27: OBE WALRUS 06-20-082-16W5 | C27: 572.6 | D27: 679 | E27: 597.9 | F27: 461.9 | G27: 594.7 | H27: 522.2 | I27: 621.2 | J27: 557 | K27: 551.9 | L27: 581.9 | M27: 635.4 | N27: 600.5 | O27: =SUM(C27:N27) -> 6976.2
A28: 100061307917W509 | B28: OBE DAWSON 04-24-079-17W5 | J28: 1591 | K28: 1579.4 | L28: 1347.2 | M28: 1106.1 | N28: 984.1 | O28: =SUM(C28:N28) -> 6607.8
A29: 100013208319W509 | B29: OBE CADOTTE 02-05-084-19W5 | C29: 555.6 | D29: 564.3 | E29: 555.6 | F29: 472.8 | G29: 503.3 | H29: 566.8 | I29: 573 | J29: 540.4 | K29: 496.7 | L29: 488 | M29: 499.3 | N29: 481.8 | O29: =SUM(C29:N29) -> 6297.6
A30: 103151908217W509 | B30: OBE HVS 06-31-082-17W5 | C30: 586.1 | D30: 604.7 | E30: 639 | F30: 420.2 | G30: 584.3 | H30: 525.5 | I30: 552.6 | J30: 524.2 | K30: 489.2 | L30: 429 | M30: 433.2 | N30: 430.7 | O30: =SUM(C30:N30) -> 6218.7
A31: 100033208319W509 | B31: OBE CADOTTE 02-05-084-19W5 | C31: 506.6 | D31: 440.2 | E31: 520.5 | F31: 567.2 | G31: 598.1 | H31: 494.3 | I31: 404.9 | J31: 468.1 | K31: 524.8 | L31: 523.9 | M31: 476.3 | N31: 481.1 | O31: =SUM(C31:N31) -> 6006
A32: 102052307917W508 | B32: OBE DAWSON 04-24-079-17W5 | G32: 315.6 | H32: 1318.5 | I32: 1053.3 | J32: 936.8 | K32: 531.4 | L32: 572.4 | M32: 607.4 | N32: 561.6 | O32: =SUM(C32:N32) -> 5897
A33: 100090608316W509 | B33: OBE WALRUS 15-01-083-17W5 | C33: 326.6 | D33: 459.5 | E33: 936.6 | F33: 854 | G33: 478.2 | H33: 371.1 | I33: 495 | J33: 592.5 | K33: 441.4 | L33: 305.1 | M33: 282.2 | N33: 310 | O33: =SUM(C33:N33) -> 5852.2
A34: 102021207917W509 | B34: OBE DAWSON 07-13-079-17W5 | C34: 740.7 | D34: 613.9 | E34: 621.2 | F34: 560.9 | G34: 548.2 | H34: 533.1 | I34: 517.5 | J34: 487.5 | K34: 419.8 | L34: 402.6 | M34: 257 | N34: 144.2 | O34: =SUM(C34:N34) -> 5846.6
A35: 100092208019W508 | B35: OBE DAWSON 09-21-080-19W5 | C35: 906 | D35: 703.7 | E35: 680.2 | F35: 565.8 | G35: 524 | H35: 449.3 | I35: 416 | J35: 395.2 | K35: 335.7 | L35: 330.3 | M35: 186.3 | N35: 211.9 | O35: =SUM(C35:N35) -> 5704.4
A36: 102122807917W508 | B36: OBE DAWSON 05-27-079-17W5 MWPB | C36: 595.5 | D36: 560.5 | E36: 583.5 | F36: 569.5 | G36: 553.4 | H36: 512 | I36: 509.5 | J36: 473.2 | K36: 322.1 | L36: 260.2 | M36: 317 | N36: 340.9 | O36: =SUM(C36:N36) -> 5597.3
A37: 103153008216W509 | B37: OBE WALRUS 15-19-082-16W5 | C37: 476.1 | D37: 477 | E37: 479.4 | F37: 469.9 | G37: 501.5 | H37: 525.9 | I37: 526.3 | J37: 502.7 | K37: 388.9 | L37: 452.9 | M37: 398 | N37: 380.3 | O37: =SUM(C37:N37) -> 5578.9
A38: 100052807917W508 | B38: OBE DAWSON 05-27-079-17W5 MWPB | C38: 674.3 | D38: 532.3 | E38: 545.6 | F38: 567.9 | G38: 545.3 | H38: 503.4 | I38: 460.9 | J38: 471.6 | K38: 314 | L38: 259.4 | M38: 252.5 | N38: 364 | O38: =SUM(C38:N38) -> 5491.2
A39: 102082107917W509 | B39: OBE DAWSON 04-23-079-17W5 | E39: 370.8 | F39: 1021 | G39: 577.9 | H39: 570 | I39: 590.6 | J39: 566.9 | K39: 486.5 | L39: 458.7 | M39: 413.1 | N39: 421.4 | O39: =SUM(C39:N39) -> 5476.9
A40: 102141908317W509 | B40: OBE HVS 13-18-083-17W5 | F40: 247.2 | G40: 1195.1 | H40: 683.6 | I40: 725.4 | J40: 1113.1 | K40: 434.1 | L40: 378.1 | M40: 305.3 | N40: 385.5 | O40: =SUM(C40:N40) -> 5467.4
A41: 100122407917W508 | B41: OBE DAWSON 13-23-079-17W5 MWB | J41: 1344.2 | K41: 1259.9 | L41: 1016 | M41: 939.9 | N41: 819 | O41: =SUM(C41:N41) -> 5379
A42: 100131808317W509 | B42: OBE HVS 14-07-083-17W5 MWB | J42: 1343.2 | K42: 1094.6 | L42: 1150.1 | M42: 622.6 | N42: 1007.2 | O42: =SUM(C42:N42) -> 5217.7
A43: 103113608218W509 | B43: OBE HVS 15-06-083-17W5 | C43: 450.4 | D43: 468.8 | E43: 457.5 | F43: 441.6 | G43: 429.6 | H43: 428.1 | I43: 452.1 | J43: 436.5 | K43: 439.9 | L43: 439.9 | M43: 371.9 | N43: 369.7 | O43: =SUM(C43:N43) -> 5186
A44: 103132208419W509 | B44: OBE CADOTTE 13-15-084-19W5 | C44: 580.3 | D44: 566.5 | E44: 672.3 | F44: 360.1 | G44: 442.1 | H44: 404.4 | I44: 433.9 | J44: 436.6 | K44: 341.4 | L44: 310.2 | M44: 306.4 | N44: 303.3 | O44: =SUM(C44:N44) -> 5157.5
A45: 100133008216W509 | B45: OBE WALRUS 13-19-082-16W5 | C45: 548 | D45: 480.8 | E45: 475.3 | F45: 358.8 | G45: 328.5 | H45: 483.5 | I45: 501.8 | J45: 425.6 | K45: 394.6 | L45: 387.6 | M45: 381.7 | N45: 368.7 | O45: =SUM(C45:N45) -> 5134.9
A46: 100012908218W509 | B46: OBE HVS 08-28-082-18W5 | C46: 265.1 | D46: 158.4 | E46: 225.7 | F46: 410.6 | G46: 619.6 | H46: 485.3 | I46: 522.9 | J46: 541.2 | K46: 525.1 | L46: 476.9 | M46: 454 | N46: 437 | O46: =SUM(C46:N46) -> 5121.8
A47: 100121407917W509 | B47: OBE DAWSON 13-13-079-17W5 | C47: 677.5 | D47: 539.1 | E47: 498.4 | F47: 451.9 | G47: 461 | H47: 425.4 | I47: 396.8 | J47: 395 | K47: 327.2 | L47: 315.6 | M47: 294 | N47: 293.8 | O47: =SUM(C47:N47) -> 5075.7
A48: 103032608218W509 | B48: OBE HVS 03-35-082-18W5 | C48: 511.2 | D48: 492.1 | E48: 546.6 | F48: 507.8 | G48: 439.9 | H48: 334.9 | I48: 309.4 | J48: 447.3 | K48: 400.8 | L48: 321.7 | M48: 294.1 | N48: 331 | O48: =SUM(C48:N48) -> 4936.8
A49: 103162107917W508 | B49: OBE DAWSON 13-23-079-17W5 MWB | J49: 1160.8 | K49: 1428.7 | L49: 1286.6 | M49: 752 | N49: 305.3 | O49: =SUM(C49:N49) -> 4933.4
A50: 104051308218W509 | B50: OBE HVS 04-19-082-17W5 | C50: 443.7 | D50: 415.9 | E50: 450.7 | F50: 446.4 | G50: 471.9 | H50: 420.6 | I50: 459.4 | J50: 420.2 | K50: 425.3 | L50: 441.8 | M50: 239.9 | N50: 255.2 | O50: =SUM(C50:N50) -> 4891
A51: 100023208319W509 | B51: OBE CADOTTE 02-05-084-19W5 | C51: 488.2 | D51: 375 | E51: 361.1 | F51: 463.3 | G51: 524.6 | H51: 419.9 | I51: 333.9 | J51: 400.1 | K51: 390.1 | L51: 415.6 | M51: 339.4 | N51: 347.1 | O51: =SUM(C51:N51) -> 4858.3
A52: 102123207917W508 | B52: OBE DAWSON 12-33-079-17W5 | C52: 545.3 | D52: 481.5 | E52: 512.1 | F52: 457.1 | G52: 405.1 | H52: 380.5 | I52: 375.4 | J52: 368.7 | K52: 329.8 | L52: 358.8 | M52: 346.6 | N52: 286.1 | O52: =SUM(C52:N52) -> 4847
A53: 102092107917W509 | B53: OBE DAWSON 13-23-079-17W5 MWB | J53: 289.9 | K53: 1176.2 | L53: 1395.4 | M53: 1001.7 | N53: 953.8 | O53: =SUM(C53:N53) -> 4817
A54: 106093208115W507 | B54: OBE SEAL 13-08-082-15W5 | C54: 491.9 | D54: 442.1 | E54: 301.1 | F54: 424.2 | G54: 418.7 | H54: 367.2 | I54: 356.4 | J54: 435.9 | K54: 396.2 | L54: 402.7 | M54: 327.4 | N54: 319.1 | O54: =SUM(C54:N54) -> 4682.9
A55: 100021207917W508 | B55: OBE DAWSON 07-13-079-17W5 | C55: 521.7 | D55: 453.6 | E55: 402.7 | F55: 499.2 | G55: 446.6 | H55: 373.7 | I55: 364.7 | J55: 344.1 | K55: 317.8 | L55: 311.6 | M55: 305.9 | N55: 317.4 | O55: =SUM(C55:N55) -> 4659
A56: 102122408218W509 | B56: OBE HVS 14-25-082-18W5 | C56: 446.6 | D56: 342.6 | E56: 404.8 | F56: 357.4 | G56: 303.1 | H56: 158.8 | I56: 440.2 | J56: 496.7 | K56: 489.5 | L56: 513.2 | M56: 363.9 | N56: 325.6 | O56: =SUM(C56:N56) -> 4642.4
A57: 105163208115W509 | B57: OBE SEAL 13-08-082-15W5 | C57: 356.7 | D57: 330.4 | E57: 446.9 | F57: 477.2 | G57: 511.6 | H57: 428.2 | I57: 298.4 | J57: 328.4 | K57: 332.7 | L57: 369 | M57: 361.8 | N57: 309.3 | O57: =SUM(C57:N57) -> 4550.6
A58: 104141908217W509 | B58: OBE HVS 06-31-082-17W5 | C58: 516.4 | D58: 437.5 | E58: 476.9 | F58: 424.8 | G58: 421 | H58: 363.3 | I58: 381.6 | J58: 335.4 | K58: 310.1 | L58: 297.9 | M58: 286.4 | N58: 289 | O58: =SUM(C58:N58) -> 4540.3
A59: 104083208115W509 | B59: OBE SEAL 13-08-082-15W5 | C59: 474.6 | D59: 376.7 | E59: 277 | F59: 415.5 | G59: 407 | H59: 402.2 | I59: 349.4 | J59: 370 | K59: 320 | L59: 318.9 | M59: 278.7 | N59: 267.9 | O59: =SUM(C59:N59) -> 4257.9
A60: 100132407917W508 | B60: OBE DAWSON 13-23-079-17W5 MWB | J60: 245.9 | K60: 1200.1 | L60: 1005.5 | M60: 955.8 | N60: 842.9 | O60: =SUM(C60:N60) -> 4250.2
A61: 100041307917W509 | B61: OBE DAWSON 04-24-079-17W5 | J61: 1358.2 | K61: 1132.4 | L61: 283.1 | M61: 761.5 | N61: 710.6 | O61: =SUM(C61:N61) -> 4245.8
A62: 100131908317W509 | B62: OBE HVS 13-18-083-17W5 | F62: 420.5 | G62: 659.8 | H62: 552.6 | I62: 684.6 | J62: 477.1 | K62: 452.1 | L62: 339 | M62: 292.6 | N62: 356.1 | O62: =SUM(C62:N62) -> 4234.4
A63: 102162107917W509 | B63: OBE DAWSON 13-23-079-17W5 MWB | C63: 516.6 | D63: 378.5 | E63: 425.8 | F63: 369.4 | G63: 349.2 | H63: 373.2 | I63: 14.3 | J63: 285.6 | K63: 329.2 | L63: 343.6 | M63: 358 | N63: 340.6 | O63: =SUM(C63:N63) -> 4084
A64: 100012807917W508 | B64: OBE DAWSON 13-23-079-17W5 MWB | C64: 449.1 | D64: 378.6 | E64: 424.7 | F64: 404.4 | G64: 396.6 | H64: 409.1 | I64: 2.2 | J64: 295.3 | K64: 225 | L64: 200.6 | M64: 339.6 | N64: 420.9 | O64: =SUM(C64:N64) -> 3946.1
A65: 100040708317W509 | B65: OBE HVS 13-05-083-18W5 | C65: 349.2 | D65: 305.3 | E65: 368.1 | F65: 350.7 | G65: 349.1 | H65: 320.6 | I65: 364.9 | J65: 356.2 | K65: 315.3 | L65: 279.6 | M65: 260.5 | N65: 269.3 | O65: =SUM(C65:N65) -> 3888.8
A66: 106010808215W505 | B66: OBE SEAL 13-08-082-15W5 | C66: 265.6 | D66: 248.5 | E66: 185.8 | F66: 258.1 | G66: 314.5 | H66: 398.9 | I66: 370 | J66: 427.8 | K66: 364.6 | L66: 311.2 | M66: 325.3 | N66: 281.8 | O66: =SUM(C66:N66) -> 3752.1
A67: 102092308218W509 | B67: OBE HVS 14-25-082-18W5 | C67: 320.2 | D67: 218.7 | E67: 276.8 | F67: 274.5 | G67: 235.5 | H67: 256.4 | I67: 317.6 | J67: 347.3 | K67: 210.7 | L67: 359.8 | M67: 463.5 | N67: 428 | O67: =SUM(C67:N67) -> 3709
A68: 100031608216W509 | B68: OBE WALRUS 07-21-082-16W5 | F68: 102.4 | G68: 890.5 | H68: 518.3 | I68: 356.5 | J68: 292.3 | K68: 364.4 | L68: 389.1 | M68: 401.2 | N68: 393.2 | O68: =SUM(C68:N68) -> 3707.9
A69: 104052408218W509 | B69: OBE HVS 12-13-082-18W5 | C69: 324.2 | D69: 295.5 | E69: 314.7 | F69: 304.7 | G69: 297.7 | H69: 274 | I69: 295 | J69: 312 | K69: 290.6 | L69: 286 | M69: 299.6 | N69: 282.2 | O69: =SUM(C69:N69) -> 3576.2
A70: 104092908115W506 | B70: OBE SEAL 13-08-082-15W5 | C70: 451.2 | D70: 324.3 | E70: 231.7 | F70: 161.5 | G70: 433.3 | H70: 356.8 | I70: 294.2 | J70: 270.9 | K70: 237.3 | L70: 224.9 | M70: 234.1 | N70: 304.5 | O70: =SUM(C70:N70) -> 3524.7
A71: 104131908217W509 | B71: OBE HVS 06-31-082-17W5 | C71: 378 | D71: 321.7 | E71: 338.4 | F71: 282.3 | G71: 229.1 | H71: 255.7 | I71: 318.9 | J71: 251.7 | K71: 282.8 | L71: 280.1 | M71: 256.3 | N71: 253.2 | O71: =SUM(C71:N71) -> 3448.2
A72: 100131407917W509 | B72: OBE DAWSON 13-13-079-17W5 | C72: 388 | D72: 327.6 | E72: 347.9 | F72: 302.3 | G72: 316.1 | H72: 305 | I72: 289.7 | J72: 281.2 | K72: 249.5 | L72: 225.4 | M72: 198.8 | N72: 160.5 | O72: =SUM(C72:N72) -> 3392
A73: 100042507917W509 | B73: OBE DAWSON 13-23-079-17W5 MWB | K73: 574.1 | L73: 1055.2 | M73: 925.4 | N73: 825.8 | O73: =SUM(C73:N73) -> 3380.5
A74: 104160808215W509 | B74: OBE SEAL 13-08-082-15W5 | C74: 352.2 | D74: 316.2 | E74: 328.6 | F74: 329.9 | G74: 316 | H74: 315.3 | I74: 313.4 | J74: 208.4 | K74: 244.5 | L74: 208.2 | M74: 237 | N74: 194.5 | O74: =SUM(C74:N74) -> 3364.2
A75: 102082707917W508 | B75: OBE DAWSON 09-28-079-17W5 BT | K75: 87.7 | L75: 1364.7 | M75: 1053.5 | N75: 843.6 | O75: =SUM(C75:N75) -> 3349.5
A76: 100143008216W509 | B76: OBE WALRUS 13-19-082-16W5 | C76: 425 | D76: 278.8 | E76: 241.2 | F76: 254 | G76: 278 | H76: 293.6 | I76: 272.7 | J76: 251.3 | K76: 237.1 | L76: 257.3 | M76: 230.7 | N76: 302.5 | O76: =SUM(C76:N76) -> 3322.2
A77: 102092707917W508 | B77: OBE DAWSON 09-28-079-17W5 BT | K77: 736.7 | L77: 1018.6 | M77: 846.4 | N77: 718.3 | O77: =SUM(C77:N77) -> 3320
A78: 102132807917W509 | B78: OBE DAWSON 05-27-079-17W5 MWPB | L78: 682.4 | M78: 1231.9 | N78: 1298.9 | O78: =SUM(C78:N78) -> 3213.2
A79: 106080508215W509 | B79: OBE SEAL 13-08-082-15W5 | C79: 271.9 | D79: 254.1 | E79: 264.1 | F79: 265.1 | G79: 279.6 | H79: 253.4 | I79: 239.5 | J79: 274.4 | K79: 254.4 | L79: 261 | M79: 230.9 | N79: 330.6 | O79: =SUM(C79:N79) -> 3179
A80: 1S0032908217W509 | B80: OBE HVS 04-32-082-17W5 | C80: 343.2 | D80: 281.4 | E80: 286.9 | F80: 265.8 | G80: 277.7 | H80: 262 | I80: 256.7 | J80: 248.4 | K80: 251.4 | L80: 219.9 | M80: 206.4 | N80: 214.8 | O80: =SUM(C80:N80) -> 3114.6
A81: 102103608218W509 | B81: OBE HVS 15-06-083-17W5 | C81: 326.1 | D81: 260 | E81: 233.5 | F81: 195.3 | G81: 234.1 | H81: 238.2 | I81: 281.3 | J81: 266.2 | K81: 240.2 | L81: 269.5 | M81: 245.8 | N81: 251.9 | O81: =SUM(C81:N81) -> 3042.1
A82: 100013407917W508 | B82: OBE DAWSON 09-28-079-17W5 BT | K82: 692.8 | L82: 1066.5 | M82: 687.4 | N82: 565.7 | O82: =SUM(C82:N82) -> 3012.4
A83: 108160508215W506 | B83: OBE SEAL 13-08-082-15W5 | C83: 259.4 | D83: 231.5 | E83: 240.6 | F83: 241.6 | G83: 263.2 | H83: 275.9 | I83: 259.5 | J83: 274.3 | K83: 264.3 | L83: 286.6 | M83: 166.4 | N83: 218.1 | O83: =SUM(C83:N83) -> 2981.4
A84: 100101808216W509 | B84: OBE WALRUS 15-19-082-16W5 | C84: 562.6 | D84: 409.6 | E84: 382.3 | F84: 190.9 | G84: 196.2 | H84: 153.2 | I84: 211.6 | J84: 202.4 | K84: 218.4 | L84: 209.4 | M84: 104.8 | N84: 128.8 | O84: =SUM(C84:N84) -> 2970.2
A85: 100023007816W500 | B85: OBE PEAVINE 07-31-078-16W5 | C85: 285.7 | D85: 259.9 | E85: 167.2 | F85: 400.7 | G85: 364.4 | H85: 282 | I85: 250.9 | J85: 210.6 | K85: 222.2 | L85: 187.5 | M85: 160.5 | N85: 161.5 | O85: =SUM(C85:N85) -> 2953.1
A86: 102153008216W509 | B86: OBE WALRUS 15-19-082-16W5 | C86: 272.5 | D86: 233.6 | E86: 241.1 | F86: 273.8 | G86: 232.1 | H86: 275.1 | I86: 251.6 | J86: 239.8 | K86: 256.7 | L86: 211.2 | M86: 226 | N86: 214.5 | O86: =SUM(C86:N86) -> 2928
A87: 100161008218W509 | B87: OBE HVS 16-09-082-18W5 | F87: 458.3 | G87: 473.1 | H87: 305.7 | I87: 181.3 | J87: 462.8 | K87: 313.7 | L87: 275.9 | M87: 178.1 | N87: 254.7 | O87: =SUM(C87:N87) -> 2903.6
A88: 102062408218W509 | B88: OBE HVS 12-13-082-18W5 | C88: 271.4 | D88: 238.5 | E88: 256.7 | F88: 247.2 | G88: 261 | H88: 259.7 | I88: 251.6 | J88: 250.5 | K88: 229.2 | L88: 219.2 | M88: 198.2 | N88: 213.4 | O88: =SUM(C88:N88) -> 2896.6
A89: 100160107816W500 | B89: OBE DAWSON 15-02-078-16W5 | C89: 302.3 | D89: 266.4 | E89: 293.3 | F89: 220.1 | G89: 191.2 | H89: 181.2 | I89: 256.9 | J89: 277.1 | K89: 259 | L89: 228.6 | M89: 192 | N89: 196.7 | O89: =SUM(C89:N89) -> 2864.8
A90: 100030908013W508 | B90: OBE GIFT LAKE 13-33-079-13W5 | C90: 442.1 | D90: 267.5 | E90: 300.6 | F90: 283.5 | G90: 295.6 | H90: 174.6 | I90: 170.1 | J90: 163.7 | K90: 147.4 | L90: 159.5 | M90: 143.8 | N90: 141.8 | O90: =SUM(C90:N90) -> 2690.2
A91: 100021608216W509 | B91: OBE WALRUS 07-21-082-16W5 | C91: 422.1 | F91: 74 | G91: 447.1 | H91: 339.6 | I91: 256.8 | J91: 210.2 | K91: 226.4 | L91: 188.1 | M91: 203 | N91: 307.4 | O91: =SUM(C91:N91) -> 2674.7
A92: 100083408218W509 | B92: OBE HVS 03-35-082-18W5 | C92: 276.1 | D92: 240.5 | E92: 217.5 | F92: 203.8 | G92: 240 | H92: 258.3 | I92: 260.6 | J92: 273 | K92: 226.1 | L92: 197.7 | M92: 161.9 | N92: 104.9 | O92: =SUM(C92:N92) -> 2660.4
A93: 104093508218W509 | B93: OBE HVS 14-25-082-18W5 | C93: 288.2 | D93: 112.6 | E93: 200.5 | F93: 305.5 | G93: 255.1 | H93: 247.2 | I93: 238.2 | J93: 217.5 | K93: 289.6 | L93: 178.4 | M93: 117.8 | N93: 206.3 | O93: =SUM(C93:N93) -> 2656.9
A94: 1S0013008217W509 | B94: OBE HVS 04-32-082-17W5 | C94: 347.6 | D94: 254 | E94: 277.1 | F94: 250.6 | G94: 256.4 | H94: 242.4 | I94: 242.9 | J94: 229 | K94: 197.9 | L94: 144.4 | M94: 100.2 | N94: 93.6 | O94: =SUM(C94:N94) -> 2636.1
A95: 103090508415W509 | B95: OBE NAMPA 09-06-084-15W5 | E95: 148.2 | F95: 497 | G95: 261.5 | H95: 329.1 | I95: 269.6 | J95: 175.8 | K95: 228 | L95: 208.4 | M95: 201.7 | N95: 188.6 | O95: =SUM(C95:N95) -> 2507.9
A96: 102163008216W509 | B96: OBE WALRUS 15-19-082-16W5 | C96: 202.8 | D96: 169.2 | E96: 226.1 | F96: 251.4 | G96: 199.9 | H96: 178.9 | I96: 200.9 | J96: 172.1 | K96: 173 | L96: 272.1 | M96: 169.3 | N96: 285.9 | O96: =SUM(C96:N96) -> 2501.6
A97: 100162707917W508 | B97: OBE DAWSON 09-28-079-17W5 BT | J97: 35.3 | K97: 843.3 | L97: 694.6 | M97: 470.5 | N97: 428.3 | O97: =SUM(C97:N97) -> 2472
A98: 100092707917W508 | B98: OBE DAWSON 09-28-079-17W5 BT | J98: 88.6 | K98: 612.2 | L98: 559.5 | M98: 601.1 | N98: 592 | O98: =SUM(C98:N98) -> 2453.4
A99: 100042807917W509 | B99: OBE DAWSON 05-27-079-17W5 MWPB | L99: 443.2 | M99: 1024.8 | N99: 963.5 | O99: =SUM(C99:N99) -> 2431.5
A100: 100162208019W509 | B100: OBE DAWSON 09-21-080-19W5 | C100: 593.3 | D100: 318.9 | E100: 179.7 | F100: 195 | G100: 170.9 | H100: 145.4 | I100: 150.1 | J100: 155 | K100: 131.8 | L100: 126.2 | M100: 111.8 | N100: 139.5 | O100: =SUM(C100:N100) -> 2417.6
A101: 103162908115W506 | B101: OBE SEAL 13-08-082-15W5 | C101: 159.5 | D101: 271 | E101: 302.1 | F101: 125.4 | G101: 174.2 | H101: 154.8 | I101: 155 | J101: 176.9 | K101: 178.3 | L101: 185.3 | M101: 197.8 | N101: 313.6 | O101: =SUM(C101:N101) -> 2393.9
...

Sheet Monthly bbl per day
A1: Monthly Average Oil Rate (bbl/producing day)
A2: Rate = (Oil m³ x 6.2898) / (Production Hours / 24)
A4: Well Identifier | B4: Facility | C4: Jan | D4: Feb | E4: Mar | F4: Apr | G4: May | H4: Jun | I4: Jul | J4: Aug | K4: Sep | L4: Oct | M4: Nov | N4: Dec | O4: Total
A5: 100021908317W509 | B5: OBE HVS 14-07-083-17W5 MWB | G5: 451.1 | H5: 492.8 | I5: 366.2 | J5: 403.6 | K5: 341.2 | L5: 332.9 | M5: 314.5 | N5: 273.5 | O5: =IF('Well Summary'!I5>0,'Well Summary'!F5/('Well Summary'!I5/24),0) -> 371.91535
A6: 100082908218W509 | B6: OBE HVS 08-28-082-18W5 | C6: 216.3 | D6: 287.9 | E6: 264.7 | F6: 212.1 | G6: 205.4 | H6: 227.5 | I6: 231.9 | J6: 215.4 | K6: 203 | L6: 185.2 | M6: 117 | N6: 137.3 | O6: =IF('Well Summary'!I6>0,'Well Summary'!F6/('Well Summary'!I6/24),0) -> 207.92414
A7: 102161808317W509 | B7: OBE HVS 13-08-083-17W5 | F7: 265.9 | G7: 408.8 | H7: 315.2 | I7: 286 | J7: 320.2 | K7: 341.5 | L7: 239.8 | M7: 232.1 | N7: 211.5 | O7: =IF('Well Summary'!I7>0,'Well Summary'!F7/('Well Summary'!I7/24),0) -> 292.19267
A8: 100161508216W509 | B8: OBE WALRUS 07-21-082-16W5 | G8: 379.1 | H8: 379.4 | I8: 298.8 | J8: 299.6 | K8: 261.5 | L8: 241.3 | M8: 221.6 | N8: 272.4 | O8: =IF('Well Summary'!I8>0,'Well Summary'!F8/('Well Summary'!I8/24),0) -> 293.8045
A9: 102081807916W509 | B9: OBE PEAVINE 08-13-079-17W5 | C9: 265.5 | D9: 249.7 | E9: 211.6 | F9: 194.8 | G9: 183.6 | H9: 168.5 | I9: 170 | J9: 165.1 | K9: 153.3 | L9: 142.9 | M9: 130.7 | N9: 118.6 | O9: =IF('Well Summary'!I9>0,'Well Summary'!F9/('Well Summary'!I9/24),0) -> 179.14397
A10: 100141708317W509 | B10: OBE HVS 13-08-083-17W5 | C10: 222.9 | D10: 221.8 | E10: 220.4 | F10: 197 | G10: 239.1 | H10: 157.4 | I10: 154.5 | J10: 168.3 | K10: 161.6 | L10: 152.7 | M10: 146.6 | N10: 158.3 | O10: =IF('Well Summary'!I10>0,'Well Summary'!F10/('Well Summary'!I10/24),0) -> 183.11591
A11: 100151908317W509 | B11: OBE HVS 13-18-083-17W5 | C11: 292.8 | D11: 239.1 | E11: 302.4 | F11: 243.8 | G11: 183.9 | H11: 139.4 | I11: 93.1 | J11: 105.3 | K11: 140.3 | L11: 126.2 | M11: 125 | N11: 113.8 | O11: =IF('Well Summary'!I11>0,'Well Summary'!F11/('Well Summary'!I11/24),0) -> 174.37417
A12: 102132307917W509 | B12: OBE DAWSON 04-23-079-17W5 | F12: 302.5 | G12: 393.3 | H12: 359.4 | I12: 301 | J12: 229.3 | K12: 181.7 | L12: 163.6 | M12: 136.4 | N12: 128.3 | O12: =IF('Well Summary'!I12>0,'Well Summary'!F12/('Well Summary'!I12/24),0) -> 239.49289
A13: 102041207917W508 | B13: OBE DAWSON 13-13-079-17W5 | C13: 251.2 | D13: 216.5 | E13: 197.7 | F13: 187 | G13: 176.9 | H13: 195.1 | I13: 157.6 | J13: 145.9 | K13: 129.2 | L13: 130.2 | M13: 127.4 | N13: 109.4 | O13: =IF('Well Summary'!I13>0,'Well Summary'!F13/('Well Summary'!I13/24),0) -> 168.40494
A14: 100131708317W509 | B14: OBE HVS 13-08-083-17W5 | F14: 326.4 | G14: 283.5 | H14: 303.4 | I14: 240.8 | J14: 168.8 | K14: 190.1 | L14: 169.5 | M14: 177.9 | N14: 164.4 | O14: =IF('Well Summary'!I14>0,'Well Summary'!F14/('Well Summary'!I14/24),0) -> 220.26206
A15: 100051907916W509 | B15: OBE PEAVINE 08-13-079-17W5 | C15: 265.7 | D15: 218.5 | E15: 203.1 | F15: 186.2 | G15: 156 | H15: 156.9 | I15: 140.9 | J15: 122.1 | K15: 107.8 | L15: 98.9 | M15: 94.1 | N15: 89.9 | O15: =IF('Well Summary'!I15>0,'Well Summary'!F15/('Well Summary'!I15/24),0) -> 152.83824
A16: 100141808317W509 | B16: OBE HVS 14-07-083-17W5 MWB | J16: 462.2 | K16: 450.3 | L16: 330.5 | M16: 281.3 | N16: 299.2 | O16: =IF('Well Summary'!I16>0,'Well Summary'!F16/('Well Summary'!I16/24),0) -> 368.27684
A17: 100062207917W509 | B17: OBE DAWSON 04-23-079-17W5 | E17: 193.5 | F17: 308.9 | G17: 262.4 | H17: 220.5 | I17: 199.7 | J17: 175 | K17: 139.9 | L17: 131.6 | M17: 118 | N17: 106.9 | O17: =IF('Well Summary'!I17>0,'Well Summary'!F17/('Well Summary'!I17/24),0) -> 183.68569
A18: 100043208319W509 | B18: OBE CADOTTE 02-05-084-19W5 | C18: 195 | D18: 190.8 | E18: 153.4 | F18: 216.6 | G18: 206.4 | H18: 208.6 | I18: 142 | J18: 124.3 | K18: 122.1 | L18: 116.7 | M18: 115.1 | N18: 115 | O18: =IF('Well Summary'!I18>0,'Well Summary'!F18/('Well Summary'!I18/24),0) -> 155.56959
A19: 102011207917W509 | B19: OBE DAWSON 07-13-079-17W5 | C19: 197.5 | D19: 198.6 | E19: 192.4 | F19: 179.7 | G19: 160.8 | H19: 149.4 | I19: 136.1 | J19: 126 | K19: 116.4 | L19: 108.1 | M19: 71.2 | N19: 67.7 | O19: =IF('Well Summary'!I19>0,'Well Summary'!F19/('Well Summary'!I19/24),0) -> 143.79282
A20: 102041108114W509 | B20: OBE SEAL 04-14-081-14W5 MWB | E20: 23.6 | F20: 263.7 | G20: 183.9 | H20: 135.8 | I20: 159 | J20: 263.8 | K20: 202.8 | L20: 144.9 | M20: 154.5 | N20: 164 | O20: =IF('Well Summary'!I20>0,'Well Summary'!F20/('Well Summary'!I20/24),0) -> 170.58339
A21: 102143008216W509 | B21: OBE WALRUS 13-19-082-16W5 | C21: 155.7 | D21: 152.7 | E21: 147.7 | F21: 131.4 | G21: 130.3 | H21: 132.2 | I21: 138.1 | J21: 134.7 | K21: 131.1 | L21: 133.4 | M21: 132.3 | N21: 126.3 | O21: =IF('Well Summary'!I21>0,'Well Summary'!F21/('Well Summary'!I21/24),0) -> 137.00196
A22: 100052307917W509 | B22: OBE DAWSON 04-24-079-17W5 | G22: 322.2 | H22: 219.7 | I22: 211.5 | J22: 230 | K22: 178.7 | L22: 156.6 | M22: 148.1 | N22: 137.3 | O22: =IF('Well Summary'!I22>0,'Well Summary'!F22/('Well Summary'!I22/24),0) -> 200.85328
A23: 100012207917W509 | B23: OBE DAWSON 04-24-079-17W5 | G23: 335 | H23: 274.9 | I23: 221.6 | J23: 186.9 | K23: 148.8 | L23: 152.4 | M23: 142.7 | N23: 125.4 | O23: =IF('Well Summary'!I23>0,'Well Summary'!F23/('Well Summary'!I23/24),0) -> 198.7088
A24: 103012708218W509 | B24: OBE HVS 08-28-082-18W5 | C24: 234.9 | D24: 227.7 | E24: 199.5 | F24: 156.5 | G24: 152 | H24: 131.1 | I24: 71.1 | J24: 86.2 | K24: 95.5 | L24: 93.7 | M24: 85.1 | N24: 64.4 | O24: =IF('Well Summary'!I24>0,'Well Summary'!F24/('Well Summary'!I24/24),0) -> 132.99353
A25: 102082708218W509 | B25: OBE HVS 08-28-082-18W5 | C25: 231 | D25: 206.9 | E25: 208.2 | F25: 168.8 | G25: 131.2 | H25: 91.8 | I25: 90.5 | J25: 88.1 | K25: 76.6 | L25: 77.1 | M25: 90.5 | N25: 65.7 | O25: =IF('Well Summary'!I25>0,'Well Summary'!F25/('Well Summary'!I25/24),0) -> 126.69821
A26: 100081807916W509 | B26: OBE PEAVINE 08-13-079-17W5 | C26: 209.4 | D26: 175.4 | E26: 167.2 | F26: 146.3 | G26: 113.5 | H26: 110.2 | I26: 102.4 | J26: 102 | K26: 95 | L26: 90.4 | M26: 94.1 | N26: 90 | O26: =IF('Well Summary'!I26>0,'Well Summary'!F26/('Well Summary'!I26/24),0) -> 124.41363
A27: 100053207917W508 | B27: OBE DAWSON 12-33-079-17W5 | C27: 176.5 | D27: 169 | E27: 155.1 | F27: 152.9 | G27: 147.7 | H27: 142.5 | I27: 136.1 | J27: 100.2 | K27: 62 | L27: 64.6 | M27: 91.2 | N27: 83 | O27: =IF('Well Summary'!I27>0,'Well Summary'!F27/('Well Summary'!I27/24),0) -> 124.7581
A28: 100132908216W509 | B28: OBE WALRUS 06-20-082-16W5 | C28: 116.8 | D28: 152.5 | E28: 122.6 | F28: 96.8 | G28: 150.6 | H28: 129.4 | I28: 132.6 | J28: 114.4 | K28: 116 | L28: 118.1 | M28: 134 | N28: 128.4 | O28: =IF('Well Summary'!I28>0,'Well Summary'!F28/('Well Summary'!I28/24),0) -> 125.38322
A29: 100061307917W509 | B29: OBE DAWSON 04-24-079-17W5 | J29: 322.8 | K29: 331.1 | L29: 273.3 | M29: 231.9 | N29: 202.4 | O29: =IF('Well Summary'!I29>0,'Well Summary'!F29/('Well Summary'!I29/24),0) -> 272.38716
A30: 100013208319W509 | B30: OBE CADOTTE 02-05-084-19W5 | C30: 112.9 | D30: 142.4 | E30: 112.7 | F30: 107.2 | G30: 130.1 | H30: 152.2 | I30: 116.4 | J30: 118.6 | K30: 104.1 | L30: 100.9 | M30: 105 | N30: 98.6 | O30: =IF('Well Summary'!I30>0,'Well Summary'!F30/('Well Summary'!I30/24),0) -> 115.45488
A31: 103151908217W509 | B31: OBE HVS 06-31-082-17W5 | C31: 118.9 | D31: 135.8 | E31: 129.7 | F31: 88.1 | G31: 118.6 | H31: 110.2 | I31: 112.1 | J31: 106.9 | K31: 102.6 | L31: 87 | M31: 90.8 | N31: 87.4 | O31: =IF('Well Summary'!I31>0,'Well Summary'!F31/('Well Summary'!I31/24),0) -> 107.21164
A32: 100033208319W509 | B32: OBE CADOTTE 02-05-084-19W5 | C32: 102.8 | D32: 99.2 | E32: 157.5 | F32: 154.8 | G32: 182.4 | H32: 140.3 | I32: 82.3 | J32: 102 | K32: 110 | L32: 107.9 | M32: 100.1 | N32: 97.6 | O32: =IF('Well Summary'!I32>0,'Well Summary'!F32/('Well Summary'!I32/24),0) -> 115.58349
A33: 102052307917W508 | B33: OBE DAWSON 04-24-079-17W5 | G33: 141.8 | H33: 276.4 | I33: 215.4 | J33: 190.1 | K33: 111.4 | L33: 116.1 | M33: 127.3 | N33: 115.5 | O33: =IF('Well Summary'!I33>0,'Well Summary'!F33/('Well Summary'!I33/24),0) -> 163.15667
A34: 100090608316W509 | B34: OBE WALRUS 15-01-083-17W5 | C34: 115.2 | D34: 140.1 | E34: 191.1 | F34: 179 | G34: 102 | H34: 78.2 | I34: 100.7 | J34: 120.2 | K34: 96 | L34: 62.3 | M34: 59.2 | N34: 62.9 | O34: =IF('Well Summary'!I34>0,'Well Summary'!F34/('Well Summary'!I34/24),0) -> 107.86569
A35: 102021207917W509 | B35: OBE DAWSON 07-13-079-17W5 | C35: 150.3 | D35: 137.9 | E35: 126 | F35: 117.6 | G35: 111.2 | H35: 111.8 | I35: 105 | J35: 98.9 | K35: 88 | L35: 81.7 | M35: 53.9 | N35: 29.5 | O35: =IF('Well Summary'!I35>0,'Well Summary'!F35/('Well Summary'!I35/24),0) -> 100.80807
A36: 100092208019W508 | B36: OBE DAWSON 09-21-080-19W5 | C36: 183.8 | D36: 158.5 | E36: 138 | F36: 119.3 | G36: 106.3 | H36: 94.7 | I36: 84.4 | J36: 81.1 | K36: 70.4 | L36: 67 | M36: 39.1 | N36: 43 | O36: =IF('Well Summary'!I36>0,'Well Summary'!F36/('Well Summary'!I36/24),0) -> 98.502499
A37: 102122807917W508 | B37: OBE DAWSON 05-27-079-17W5 MWPB | C37: 120.8 | D37: 125.9 | E37: 118.4 | F37: 119.4 | G37: 112.3 | H37: 107.3 | I37: 103.4 | J37: 96 | K37: 92.4 | L37: 79.2 | M37: 66.5 | N37: 69.2 | O37: =IF('Well Summary'!I37>0,'Well Summary'!F37/('Well Summary'!I37/24),0) -> 101.57989
A38: 103153008216W509 | B38: OBE WALRUS 15-19-082-16W5 | C38: 98.5 | D38: 107.2 | E38: 98.3 | F38: 98.5 | G38: 101.8 | H38: 110.3 | I38: 106.8 | J38: 102.3 | K38: 81.5 | L38: 91.9 | M38: 83.4 | N38: 77.2 | O38: =IF('Well Summary'!I38>0,'Well Summary'!F38/('Well Summary'!I38/24),0) -> 96.401553
A39: 100052807917W508 | B39: OBE DAWSON 05-27-079-17W5 MWPB | C39: 136.8 | D39: 119.6 | E39: 110.7 | F39: 119.9 | G39: 110.8 | H39: 106.7 | I39: 93.5 | J39: 95.7 | K39: 90.1 | L39: 78.5 | M39: 64.8 | N39: 73.9 | O39: =IF('Well Summary'!I39>0,'Well Summary'!F39/('Well Summary'!I39/24),0) -> 101.39758
A40: 102082107917W509 | B40: OBE DAWSON 04-23-079-17W5 | E40: 137.2 | F40: 214.1 | G40: 117.9 | H40: 119.5 | I40: 119.8 | J40: 115 | K40: 102 | L40: 93.1 | M40: 86.6 | N40: 85.5 | O40: =IF('Well Summary'!I40>0,'Well Summary'!F40/('Well Summary'!I40/24),0) -> 118.04205
A41: 102141908317W509 | B41: OBE HVS 13-18-083-17W5 | F41: 91.5 | G41: 242.5 | H41: 145.1 | I41: 147.6 | J41: 244.9 | K41: 94.2 | L41: 77.1 | M41: 64 | N41: 78.2 | O41: =IF('Well Summary'!I41>0,'Well Summary'!F41/('Well Summary'!I41/24),0) -> 133.31166
A42: 100122407917W508 | B42: OBE DAWSON 13-23-079-17W5 MWB | J42: 291.5 | K42: 264.9 | L42: 206.1 | M42: 197.1 | N42: 166.2 | O42: =IF('Well Summary'!I42>0,'Well Summary'!F42/('Well Summary'!I42/24),0) -> 224.18223
A43: 100131808317W509 | B43: OBE HVS 14-07-083-17W5 MWB | J43: 274.4 | K43: 230.5 | L43: 233.7 | M43: 156.6 | N43: 204.4 | O43: =IF('Well Summary'!I43>0,'Well Summary'!F43/('Well Summary'!I43/24),0) -> 222.30848
A44: 103113608218W509 | B44: OBE HVS 15-06-083-17W5 | C44: 91.4 | D44: 105.3 | E44: 93 | F44: 92.6 | G44: 87.2 | H44: 89.8 | I44: 94.1 | J44: 90.4 | K44: 92.2 | L44: 89.3 | M44: 79.1 | N44: 75 | O44: =IF('Well Summary'!I44>0,'Well Summary'!F44/('Well Summary'!I44/24),0) -> 89.828304
A45: 103132208419W509 | B45: OBE CADOTTE 13-15-084-19W5 | C45: 154.2 | D45: 131.2 | E45: 136.4 | F45: 78 | G45: 90.8 | H45: 84.8 | I45: 88 | J45: 88.6 | K45: 71.6 | L45: 62.9 | M45: 65 | N45: 61.5 | O45: =IF('Well Summary'!I45>0,'Well Summary'!F45/('Well Summary'!I45/24),0) -> 91.336397
A46: 100133008216W509 | B46: OBE WALRUS 13-19-082-16W5 | C46: 112.9 | D46: 109 | E46: 98.3 | F46: 75.2 | G46: 66.7 | H46: 101.4 | I46: 101.8 | J46: 86.4 | K46: 82.7 | L46: 78.6 | M46: 80 | N46: 75.6 | O46: =IF('Well Summary'!I46>0,'Well Summary'!F46/('Well Summary'!I46/24),0) -> 88.881992
A47: 100012908218W509 | B47: OBE HVS 08-28-082-18W5 | C47: 54.8 | D47: 37.4 | E47: 45.8 | F47: 86.1 | G47: 125.7 | H47: 102.2 | I47: 106.1 | J47: 122.7 | K47: 110.1 | L47: 96.8 | M47: 95.2 | N47: 88.7 | O47: =IF('Well Summary'!I47>0,'Well Summary'!F47/('Well Summary'!I47/24),0) -> 89.558942
A48: 100121407917W509 | B48: OBE DAWSON 13-13-079-17W5 | C48: 137.5 | D48: 121.5 | E48: 101.1 | F48: 94.7 | G48: 93.5 | H48: 89.2 | I48: 80.9 | J48: 80.1 | K48: 68.6 | L48: 64 | M48: 62.3 | N48: 59.6 | O48: =IF('Well Summary'!I48>0,'Well Summary'!F48/('Well Summary'!I48/24),0) -> 87.606141
A49: 103032608218W509 | B49: OBE HVS 03-35-082-18W5 | C49: 103.7 | D49: 114.6 | E49: 111.7 | F49: 106.8 | G49: 90.7 | H49: 70.2 | I49: 62.9 | J49: 91 | K49: 84 | L49: 65.3 | M49: 92.5 | N49: 69.7 | O49: =IF('Well Summary'!I49>0,'Well Summary'!F49/('Well Summary'!I49/24),0) -> 88.235334
A50: 103162107917W508 | B50: OBE DAWSON 13-23-079-17W5 MWB | J50: 253.2 | K50: 300.4 | L50: 261 | M50: 157.7 | N50: 116.4 | O50: =IF('Well Summary'!I50>0,'Well Summary'!F50/('Well Summary'!I50/24),0) -> 227.74385
A51: 104051308218W509 | B51: OBE HVS 04-19-082-17W5 | C51: 90.3 | D51: 93.4 | E51: 91.6 | F51: 94.8 | G51: 96.5 | H51: 91.5 | I51: 93.2 | J51: 85.3 | K51: 90.8 | L51: 89.6 | M51: 50.3 | N51: 51.8 | O51: =IF('Well Summary'!I51>0,'Well Summary'!F51/('Well Summary'!I51/24),0) -> 84.835331
A52: 100023208319W509 | B52: OBE CADOTTE 02-05-084-19W5 | C52: 160.2 | D52: 121.5 | E52: 130.1 | F52: 125.3 | G52: 167.1 | H52: 129.1 | I52: 67.8 | J52: 99.3 | K52: 81.8 | L52: 84.6 | M52: 71.4 | N52: 70.4 | O52: =IF('Well Summary'!I52>0,'Well Summary'!F52/('Well Summary'!I52/24),0) -> 102.67194
A53: 102123207917W508 | B53: OBE DAWSON 12-33-079-17W5 | C53: 110.6 | D53: 109.5 | E53: 103.9 | F53: 95.8 | G53: 82.2 | H53: 79.8 | I53: 76.2 | J53: 75 | K53: 69.1 | L53: 72.8 | M53: 72.7 | N53: 58 | O53: =IF('Well Summary'!I53>0,'Well Summary'!F53/('Well Summary'!I53/24),0) -> 83.620555
A54: 102092107917W509 | B54: OBE DAWSON 13-23-079-17W5 MWB | J54: 175.8 | K54: 326.4 | L54: 283.1 | M54: 210 | N54: 193.5 | O54: =IF('Well Summary'!I54>0,'Well Summary'!F54/('Well Summary'!I54/24),0) -> 242.30297
A55: 106093208115W507 | B55: OBE SEAL 13-08-082-15W5 | C55: 99.8 | D55: 99.3 | E55: 63.8 | F55: 89.3 | G55: 93.8 | H55: 78.5 | I55: 75.8 | J55: 88.8 | K55: 84.5 | L55: 83.3 | M55: 69.4 | N55: 73.2 | O55: =IF('Well Summary'!I55>0,'Well Summary'!F55/('Well Summary'!I55/24),0) -> 83.322502
A56: 100021207917W508 | B56: OBE DAWSON 07-13-079-17W5 | C56: 105.9 | D56: 101.9 | E56: 84.7 | F56: 104.7 | G56: 90.6 | H56: 78.3 | I56: 74 | J56: 69.8 | K56: 66.6 | L56: 63.2 | M56: 64.1 | N56: 64.5 | O56: =IF('Well Summary'!I56>0,'Well Summary'!F56/('Well Summary'!I56/24),0) -> 80.53364
A57: 102122408218W509 | B57: OBE HVS 14-25-082-18W5 | C57: 92.1 | D57: 77.7 | E57: 82.1 | F57: 76 | G57: 61.6 | H57: 43.8 | I57: 90 | J57: 100.8 | K57: 102.6 | L57: 104.1 | M57: 76.3 | N57: 66.1 | O57: =IF('Well Summary'!I57>0,'Well Summary'!F57/('Well Summary'!I57/24),0) -> 81.945091
A58: 105163208115W509 | B58: OBE SEAL 13-08-082-15W5 | C58: 72.4 | D58: 74.2 | E58: 91.9 | F58: 100.5 | G58: 105.5 | H58: 91.6 | I58: 63.2 | J58: 68.3 | K58: 73.2 | L58: 76.4 | M58: 75.9 | N58: 67.7 | O58: =IF('Well Summary'!I58>0,'Well Summary'!F58/('Well Summary'!I58/24),0) -> 80.165332
A59: 104141908217W509 | B59: OBE HVS 06-31-082-17W5 | C59: 104.8 | D59: 98.3 | E59: 96.8 | F59: 89.1 | G59: 86.1 | H59: 76.2 | I59: 77.4 | J59: 69 | K59: 65 | L59: 60.4 | M59: 61.3 | N59: 58.6 | O59: =IF('Well Summary'!I59>0,'Well Summary'!F59/('Well Summary'!I59/24),0) -> 78.517802
A60: 104083208115W509 | B60: OBE SEAL 13-08-082-15W5 | C60: 96.3 | D60: 84.6 | E60: 58.7 | F60: 91.6 | G60: 91.2 | H60: 86 | I60: 74.3 | J60: 75.4 | K60: 68.2 | L60: 65.9 | M60: 59.1 | N60: 61.5 | O60: =IF('Well Summary'!I60>0,'Well Summary'!F60/('Well Summary'!I60/24),0) -> 76.047343
A61: 100132407917W508 | B61: OBE DAWSON 13-23-079-17W5 MWB | J61: 155.3 | K61: 252.3 | L61: 204 | M61: 200.4 | N61: 171 | O61: =IF('Well Summary'!I61>0,'Well Summary'!F61/('Well Summary'!I61/24),0) -> 202.71399
A62: 100041307917W509 | B62: OBE DAWSON 04-24-079-17W5 | J62: 277.8 | K62: 245.6 | L62: 148.4 | M62: 159.7 | N62: 146.1 | O62: =IF('Well Summary'!I62>0,'Well Summary'!F62/('Well Summary'!I62/24),0) -> 201.80277
A63: 100131908317W509 | B63: OBE HVS 13-18-083-17W5 | F63: 155.6 | G63: 133.9 | H63: 115.9 | I63: 139.3 | J63: 96.8 | K63: 94.8 | L63: 69.9 | M63: 61.3 | N63: 72.3 | O63: =IF('Well Summary'!I63>0,'Well Summary'!F63/('Well Summary'!I63/24),0) -> 101.88153
A64: 102162107917W509 | B64: OBE DAWSON 13-23-079-17W5 MWB | C64: 104.8 | D64: 85 | E64: 86.4 | F64: 79.1 | G64: 70.9 | H64: 78.2 | I64: 45 | J64: 66.7 | K64: 69.2 | L64: 69.7 | M64: 75.1 | N64: 69.1 | O64: =IF('Well Summary'!I64>0,'Well Summary'!F64/('Well Summary'!I64/24),0) -> 77.557056
A65: 100012807917W508 | B65: OBE DAWSON 13-23-079-17W5 MWB | C65: 91.1 | D65: 85 | E65: 86.2 | F65: 84.8 | G65: 80.5 | H65: 85.8 | I65: 3.5 | J65: 69.2 | K65: 67.7 | L65: 57.4 | M65: 71.2 | N65: 85.4 | O65: =IF('Well Summary'!I65>0,'Well Summary'!F65/('Well Summary'!I65/24),0) -> 78.607062
A66: 100040708317W509 | B66: OBE HVS 13-05-083-18W5 | C66: 70.9 | D66: 68.6 | E66: 74.8 | F66: 73.5 | G66: 70.8 | H66: 67.2 | I66: 74 | J66: 72.3 | K66: 66.1 | L66: 56.7 | M66: 54.6 | N66: 54.6 | O66: =IF('Well Summary'!I66>0,'Well Summary'!F66/('Well Summary'!I66/24),0) -> 67.020731
A67: 106010808215W505 | B67: OBE SEAL 13-08-082-15W5 | C67: 55.8 | D67: 55.8 | E67: 38.2 | F67: 54.3 | G67: 63.8 | H67: 85.3 | I67: 80.2 | J67: 87.2 | K67: 76.4 | L67: 63.3 | M67: 68.2 | N67: 61.1 | O67: =IF('Well Summary'!I67>0,'Well Summary'!F67/('Well Summary'!I67/24),0) -> 65.806786
A68: 102092308218W509 | B68: OBE HVS 14-25-082-18W5 | C68: 65 | D68: 53.5 | E68: 56.3 | F68: 58.4 | G68: 53.9 | H68: 61.3 | I68: 66.4 | J68: 70.5 | K68: 63.1 | L68: 83.8 | M68: 97.2 | N68: 88.6 | O68: =IF('Well Summary'!I68>0,'Well Summary'!F68/('Well Summary'!I68/24),0) -> 68.538724
A69: 100031608216W509 | B69: OBE WALRUS 07-21-082-16W5 | F69: 54.8 | G69: 185.2 | H69: 109 | I69: 72.3 | J69: 59.3 | K69: 76.4 | L69: 79.2 | M69: 84.1 | N69: 81 | O69: =IF('Well Summary'!I69>0,'Well Summary'!F69/('Well Summary'!I69/24),0) -> 91.324325
A70: 104052408218W509 | B70: OBE HVS 12-13-082-18W5 | C70: 65.8 | D70: 66.7 | E70: 64 | F70: 63.9 | G70: 60.4 | H70: 57.4 | I70: 60 | J70: 63.5 | K70: 60.9 | L70: 59.5 | M70: 63.3 | N70: 57.3 | O70: =IF('Well Summary'!I70>0,'Well Summary'!F70/('Well Summary'!I70/24),0) -> 61.866375
A71: 104092908115W506 | B71: OBE SEAL 13-08-082-15W5 | C71: 91.5 | D71: 72.8 | E71: 47.7 | F71: 37.8 | G71: 87.9 | H71: 76.3 | I71: 61 | J71: 58.3 | K71: 50.9 | L71: 46.8 | M71: 49.1 | N71: 68 | O71: =IF('Well Summary'!I71>0,'Well Summary'!F71/('Well Summary'!I71/24),0) -> 62.596682
A72: 104131908217W509 | B72: OBE HVS 06-31-082-17W5 | C72: 77 | D72: 72.3 | E72: 68.7 | F72: 59.2 | G72: 46.5 | H72: 53.6 | I72: 64.7 | J72: 51.1 | K72: 59.3 | L72: 56.8 | M72: 53.7 | N72: 51.4 | O72: =IF('Well Summary'!I72>0,'Well Summary'!F72/('Well Summary'!I72/24),0) -> 59.440873
A73: 100131407917W509 | B73: OBE DAWSON 13-13-079-17W5 | C73: 78.7 | D73: 73.8 | E73: 70.6 | F73: 63.4 | G73: 64.1 | H73: 63.9 | I73: 59.1 | J73: 57.1 | K73: 52.3 | L73: 46 | M73: 42.1 | N73: 32.6 | O73: =IF('Well Summary'!I73>0,'Well Summary'!F73/('Well Summary'!I73/24),0) -> 58.572413
A74: 100042507917W509 | B74: OBE DAWSON 13-23-079-17W5 MWB | K74: 122.8 | L74: 214.1 | M74: 194 | N74: 167.6 | O74: =IF('Well Summary'!I74>0,'Well Summary'!F74/('Well Summary'!I74/24),0) -> 175.1215
A75: 104160808215W509 | B75: OBE SEAL 13-08-082-15W5 | C75: 71.9 | D75: 71 | E75: 67.6 | F75: 69.5 | G75: 72.9 | H75: 67.4 | I75: 64.5 | J75: 65.3 | K75: 52.1 | L75: 43.1 | M75: 49.7 | N75: 50.4 | O75: =IF('Well Summary'!I75>0,'Well Summary'!F75/('Well Summary'!I75/24),0) -> 62.098739
A76: 102082707917W508 | B76: OBE DAWSON 09-28-079-17W5 BT | K76: 100.3 | L76: 279.5 | M76: 220.9 | N76: 171.2 | O76: =IF('Well Summary'!I76>0,'Well Summary'!F76/('Well Summary'!I76/24),0) -> 216.72715
A77: 100143008216W509 | B77: OBE WALRUS 13-19-082-16W5 | C77: 86.2 | D77: 62.6 | E77: 49 | F77: 53.3 | G77: 56.4 | H77: 61.8 | I77: 55.3 | J77: 51 | K77: 52.7 | L77: 52.2 | M77: 49.1 | N77: 61.5 | O77: =IF('Well Summary'!I77>0,'Well Summary'!F77/('Well Summary'!I77/24),0) -> 57.630817
A78: 102092707917W508 | B78: OBE DAWSON 09-28-079-17W5 BT | K78: 243.9 | L78: 208.4 | M78: 177.5 | N78: 145.7 | O78: =IF('Well Summary'!I78>0,'Well Summary'!F78/('Well Summary'!I78/24),0) -> 188.55202
A79: 102132807917W509 | B79: OBE DAWSON 05-27-079-17W5 MWPB | L79: 195.1 | M79: 258.3 | N79: 263.5 | O79: =IF('Well Summary'!I79>0,'Well Summary'!F79/('Well Summary'!I79/24),0) -> 243.49862
A80: 106080508215W509 | B80: OBE SEAL 13-08-082-15W5 | C80: 57 | D80: 57.1 | E80: 54.3 | F80: 55.8 | G80: 58.6 | H80: 54.2 | I80: 51.8 | J80: 55.9 | K80: 53.6 | L80: 53.8 | M80: 48.4 | N80: 67.1 | O80: =IF('Well Summary'!I80>0,'Well Summary'!F80/('Well Summary'!I80/24),0) -> 55.671297
A81: 1S0032908217W509 | B81: OBE HVS 04-32-082-17W5 | C81: 69.6 | D81: 63.2 | E81: 58.2 | F81: 55.9 | G81: 56.5 | H81: 55 | I81: 52.1 | J81: 50.4 | K81: 52.7 | L81: 44.6 | M81: 43.3 | N81: 43.6 | O81: =IF('Well Summary'!I81>0,'Well Summary'!F81/('Well Summary'!I81/24),0) -> 53.702463
A82: 102103608218W509 | B82: OBE HVS 15-06-083-17W5 | C82: 66.2 | D82: 58.4 | E82: 47.4 | F82: 41 | G82: 47.6 | H82: 50.3 | I82: 57.2 | J82: 54 | K82: 50.4 | L82: 54.7 | M82: 51.5 | N82: 51.1 | O82: =IF('Well Summary'!I82>0,'Well Summary'!F82/('Well Summary'!I82/24),0) -> 52.482379
A83: 100013407917W508 | B83: OBE DAWSON 09-28-079-17W5 BT | K83: 235.5 | L83: 216.4 | M83: 144.1 | N83: 114.8 | O83: =IF('Well Summary'!I83>0,'Well Summary'!F83/('Well Summary'!I83/24),0) -> 171.46962
A84: 108160508215W506 | B84: OBE SEAL 13-08-082-15W5 | C84: 54.5 | D84: 52 | E84: 49.5 | F84: 50.9 | G84: 53.4 | H84: 59 | I84: 55.8 | J84: 55.9 | K84: 55.4 | L84: 58.3 | M84: 34.9 | N84: 47.3 | O84: =IF('Well Summary'!I84>0,'Well Summary'!F84/('Well Summary'!I84/24),0) -> 52.253319
A85: 100101808216W509 | B85: OBE WALRUS 15-19-082-16W5 | C85: 114.1 | D85: 92 | E85: 77.6 | F85: 40 | G85: 39.8 | H85: 32.1 | I85: 42.9 | J85: 41.2 | K85: 45.8 | L85: 42.5 | M85: 25.7 | N85: 26.1 | O85: =IF('Well Summary'!I85>0,'Well Summary'!F85/('Well Summary'!I85/24),0) -> 51.810392
A86: 100023007816W500 | B86: OBE PEAVINE 07-31-078-16W5 | C86: 60.3 | D86: 64.6 | E86: 35.1 | F86: 85.2 | G86: 76.1 | H86: 60.3 | I86: 58.4 | J86: 45.7 | K86: 46.6 | L86: 38 | M86: 33.7 | N86: 33.5 | O86: =IF('Well Summary'!I86>0,'Well Summary'!F86/('Well Summary'!I86/24),0) -> 52.843267
A87: 102153008216W509 | B87: OBE WALRUS 15-19-082-16W5 | C87: 56.2 | D87: 52.5 | E87: 48.9 | F87: 57.4 | G87: 47.1 | H87: 57.7 | I87: 51 | J87: 48.8 | K87: 53.8 | L87: 42.9 | M87: 47.4 | N87: 43.5 | O87: =IF('Well Summary'!I87>0,'Well Summary'!F87/('Well Summary'!I87/24),0) -> 50.537026
A88: 100161008218W509 | B88: OBE HVS 16-09-082-18W5 | F88: 104.2 | G88: 97.3 | H88: 64.1 | I88: 36.8 | J88: 94.7 | K88: 68 | L88: 56.3 | M88: 38.6 | N88: 52.2 | O88: =IF('Well Summary'!I88>0,'Well Summary'!F88/('Well Summary'!I88/24),0) -> 67.755993
A89: 102062408218W509 | B89: OBE HVS 12-13-082-18W5 | C89: 55.1 | D89: 55.8 | E89: 53.2 | F89: 51.8 | G89: 53 | H89: 54.4 | I89: 53.5 | J89: 53.1 | K89: 48.1 | L89: 44.5 | M89: 41.9 | N89: 43.3 | O89: =IF('Well Summary'!I89>0,'Well Summary'!F89/('Well Summary'!I89/24),0) -> 50.573309
A90: 100160107816W500 | B90: OBE DAWSON 15-02-078-16W5 | C90: 61.3 | D90: 59.8 | E90: 59.5 | F90: 46.1 | G90: 38.8 | H90: 38 | I90: 52.1 | J90: 56.2 | K90: 54.3 | L90: 46.4 | M90: 40.7 | N90: 41.4 | O90: =IF('Well Summary'!I90>0,'Well Summary'!F90/('Well Summary'!I90/24),0) -> 49.55953
A91: 100030908013W508 | B91: OBE GIFT LAKE 13-33-079-13W5 | C91: 90.4 | D91: 60.9 | E91: 61 | F91: 59.9 | G91: 60 | H91: 37 | I91: 34.5 | J91: 33.5 | K91: 30.9 | L91: 32.4 | M91: 31.3 | N91: 32.3 | O91: =IF('Well Summary'!I91>0,'Well Summary'!F91/('Well Summary'!I91/24),0) -> 47.127733
A92: 100021608216W509 | B92: OBE WALRUS 07-21-082-16W5 | C92: 101.9 | F92: 40 | G92: 111.6 | H92: 71.2 | I92: 52.1 | J92: 42.6 | K92: 47.5 | L92: 38.2 | M92: 42.6 | N92: 62.8 | O92: =IF('Well Summary'!I92>0,'Well Summary'!F92/('Well Summary'!I92/24),0) -> 60.80721
A93: 100083408218W509 | B93: OBE HVS 03-35-082-18W5 | C93: 56 | D93: 54 | E93: 54 | F93: 52.3 | G93: 53.5 | H93: 55.2 | I93: 53 | J93: 55.5 | K93: 53.2 | L93: 40.1 | M93: 33.9 | N93: 21.3 | O93: =IF('Well Summary'!I93>0,'Well Summary'!F93/('Well Summary'!I93/24),0) -> 48.217219
A94: 104093508218W509 | B94: OBE HVS 14-25-082-18W5 | C94: 58.5 | D94: 31.8 | E94: 43.6 | F94: 88.2 | G94: 66.6 | H94: 56.8 | I94: 50.3 | J94: 44.1 | K94: 60.7 | L94: 36.2 | M94: 24.7 | N94: 41.9 | O94: =IF('Well Summary'!I94>0,'Well Summary'!F94/('Well Summary'!I94/24),0) -> 49.40538
A95: 1S0013008217W509 | B95: OBE HVS 04-32-082-17W5 | C95: 70.5 | D95: 57.1 | E95: 56.2 | F95: 52.5 | G95: 52 | H95: 50.8 | I95: 49.3 | J95: 46.5 | K95: 41.5 | L95: 29.3 | M95: 21 | N95: 19.6 | O95: =IF('Well Summary'!I95>0,'Well Summary'!F95/('Well Summary'!I95/24),0) -> 45.550939
A96: 103090508415W509 | B96: OBE NAMPA 09-06-084-15W5 | E96: 71.7 | F96: 105.5 | G96: 53.1 | H96: 69 | I96: 54.7 | J96: 35.7 | K96: 48.5 | L96: 42.3 | M96: 42.3 | N96: 39.9 | O96: =IF('Well Summary'!I96>0,'Well Summary'!F96/('Well Summary'!I96/24),0) -> 55.178625
A97: 102163008216W509 | B97: OBE WALRUS 15-19-082-16W5 | C97: 41.1 | D97: 38.1 | E97: 45.9 | F97: 52.7 | G97: 40.6 | H97: 37.5 | I97: 40.8 | J97: 35 | K97: 36.3 | L97: 55.2 | M97: 35.5 | N97: 58 | O97: =IF('Well Summary'!I97>0,'Well Summary'!F97/('Well Summary'!I97/24),0) -> 43.128087
A98: 100162707917W508 | B98: OBE DAWSON 09-28-079-17W5 BT | J98: 39.8 | K98: 178.8 | L98: 140.9 | M98: 98.6 | N98: 86.9 | O98: =IF('Well Summary'!I98>0,'Well Summary'!F98/('Well Summary'!I98/24),0) -> 122.18771
A99: 100092707917W508 | B99: OBE DAWSON 09-28-079-17W5 BT | J99: 92.9 | K99: 131.1 | L99: 114.6 | M99: 126 | N99: 120.1 | O99: =IF('Well Summary'!I99>0,'Well Summary'!F99/('Well Summary'!I99/24),0) -> 121.42737
A100: 100042807917W509 | B100: OBE DAWSON 05-27-079-17W5 MWPB | L100: 220.1 | M100: 214.9 | N100: 195.5 | O100: =IF('Well Summary'!I100>0,'Well Summary'!F100/('Well Summary'!I100/24),0) -> 207.60609
A101: 100162208019W509 | B101: OBE DAWSON 09-21-080-19W5 | C101: 121 | D101: 71.6 | E101: 55 | F101: 40.9 | G101: 34.7 | H101: 30.5 | I101: 30.5 | J101: 31.8 | K101: 27.6 | L101: 25.6 | M101: 23.4 | N101: 28.3 | O101: =IF('Well Summary'!I101>0,'Well Summary'!F101/('Well Summary'!I101/24),0) -> 42.95037
...

Sheet Monthly Hours
A1: Monthly Production Hours by Well
A3: Well Identifier | B3: Facility | C3: Jan (max 744) | D3: Feb (max 672) | E3: Mar (max 744) | F3: Apr (max 720) | G3: May (max 744) | H3: Jun (max 720) | I3: Jul (max 744) | J3: Aug (max 744) | K3: Sep (max 720) | L3: Oct (max 744) | M3: Nov (max 720) | N3: Dec (max 744) | O3: Total
A4: 100021908317W509 | B4: OBE HVS 14-07-083-17W5 MWB | G4: 663 | H4: 720 | I4: 96 | J4: 722 | K4: 701 | L4: 672 | M4: 720 | N4: 740 | O4: =SUM(C4:N4) -> 5034
A5: 100082908218W509 | B5: OBE HVS 08-28-082-18W5 | C5: 730 | D5: 648 | E5: 740 | F5: 715 | G5: 744 | H5: 717 | I5: 742 | J5: 740 | K5: 720 | L5: 744 | M5: 720 | N5: 744 | O5: =SUM(C5:N5) -> 8704
A6: 102161808317W509 | B6: OBE HVS 13-08-083-17W5 | F6: 404 | G6: 744 | H6: 720 | I6: 731 | J6: 654 | K6: 715 | L6: 738 | M6: 717 | N6: 744 | O6: =SUM(C6:N6) -> 6167
A7: 100161508216W509 | B7: OBE WALRUS 07-21-082-16W5 | G7: 710 | H7: 720 | I7: 744 | J7: 744 | K7: 720 | L7: 744 | M7: 720 | N7: 740 | O7: =SUM(C7:N7) -> 5842
A8: 102081807916W509 | B8: OBE PEAVINE 08-13-079-17W5 | C8: 744 | D8: 672 | E8: 744 | F8: 720 | G8: 740 | H8: 718 | I8: 743 | J8: 744 | K8: 720 | L8: 744 | M8: 720 | N8: 744 | O8: =SUM(C8:N8) -> 8753
A9: 100141708317W509 | B9: OBE HVS 13-08-083-17W5 | C9: 624 | D9: 672 | E9: 742 | F9: 716 | G9: 744 | H9: 715 | I9: 744 | J9: 744 | K9: 720 | L9: 744 | M9: 621 | N9: 744 | O9: =SUM(C9:N9) -> 8530
A10: 100151908317W509 | B10: OBE HVS 13-18-083-17W5 | C10: 744 | D10: 624 | E10: 694 | F10: 716 | G10: 744 | H10: 624 | I10: 742 | J10: 744 | K10: 720 | L10: 744 | M10: 713 | N10: 744 | O10: =SUM(C10:N10) -> 8553
A11: 102132307917W509 | B11: OBE DAWSON 04-23-079-17W5 | F11: 325 | G11: 736 | H11: 690 | I11: 744 | J11: 744 | K11: 720 | L11: 744 | M11: 716 | N11: 744 | O11: =SUM(C11:N11) -> 6163
A12: 102041207917W508 | B12: OBE DAWSON 13-13-079-17W5 | C12: 744 | D12: 642 | E12: 744 | F12: 720 | G12: 744 | H12: 720 | I12: 738 | J12: 744 | K12: 720 | L12: 744 | M12: 678 | N12: 744 | O12: =SUM(C12:N12) -> 8682
A13: 100131708317W509 | B13: OBE HVS 13-08-083-17W5 | F13: 404 | G13: 744 | H13: 718 | I13: 744 | J13: 744 | K13: 583 | L13: 740 | M13: 707 | N13: 744 | O13: =SUM(C13:N13) -> 6128
A14: 100051907916W509 | B14: OBE PEAVINE 08-13-079-17W5 | C14: 732 | D14: 672 | E14: 739 | F14: 720 | G14: 722 | H14: 718 | I14: 739 | J14: 736 | K14: 720 | L14: 744 | M14: 720 | N14: 744 | O14: =SUM(C14:N14) -> 8706
A15: 100141808317W509 | B15: OBE HVS 14-07-083-17W5 MWB | J15: 743 | K15: 719 | L15: 742 | M15: 720 | N15: 552 | O15: =SUM(C15:N15) -> 3476
A16: 100062207917W509 | B16: OBE DAWSON 04-23-079-17W5 | E16: 408 | F16: 676 | G16: 744 | H16: 598 | I16: 744 | J16: 744 | K16: 720 | L16: 744 | M16: 720 | N16: 744 | O16: =SUM(C16:N16) -> 6842
A17: 100043208319W509 | B17: OBE CADOTTE 02-05-084-19W5 | C17: 744 | D17: 665 | E17: 642 | F17: 548 | G17: 565 | H17: 560 | I17: 743 | J17: 673 | K17: 720 | L17: 742 | M17: 718 | N17: 744 | O17: =SUM(C17:N17) -> 8064
A18: 102011207917W509 | B18: OBE DAWSON 07-13-079-17W5 | C18: 744 | D18: 672 | E18: 744 | F18: 720 | G18: 744 | H18: 712 | I18: 744 | J18: 744 | K18: 720 | L18: 744 | M18: 552 | N18: 660 | O18: =SUM(C18:N18) -> 8500
A19: 102041108114W509 | B19: OBE SEAL 04-14-081-14W5 MWB | E19: 664 | F19: 700 | G19: 714 | H19: 718 | I19: 742 | J19: 732 | K19: 707 | L19: 719 | M19: 697 | N19: 744 | O19: =SUM(C19:N19) -> 7137
A20: 102143008216W509 | B20: OBE WALRUS 13-19-082-16W5 | C20: 734 | D20: 641 | E20: 722 | F20: 712 | G20: 722 | H20: 716 | I20: 744 | J20: 744 | K20: 720 | L20: 744 | M20: 713 | N20: 744 | O20: =SUM(C20:N20) -> 8656
A21: 100052307917W509 | B21: OBE DAWSON 04-24-079-17W5 | G21: 744 | H21: 718 | I21: 744 | J21: 744 | K21: 718 | L21: 744 | M21: 720 | N21: 734 | O21: =SUM(C21:N21) -> 5866
A22: 100012207917W509 | B22: OBE DAWSON 04-24-079-17W5 | G22: 744 | H22: 720 | I22: 744 | J22: 744 | K22: 718 | L22: 744 | M22: 720 | N22: 734 | O22: =SUM(C22:N22) -> 5868
A23: 103012708218W509 | B23: OBE HVS 08-28-082-18W5 | C23: 743 | D23: 670 | E23: 744 | F23: 720 | G23: 744 | H23: 717 | I23: 683 | J23: 740 | K23: 716 | L23: 744 | M23: 720 | N23: 744 | O23: =SUM(C23:N23) -> 8685
A24: 102082708218W509 | B24: OBE HVS 08-28-082-18W5 | C24: 738 | D24: 670 | E24: 744 | F24: 720 | G24: 670 | H24: 717 | I24: 744 | J24: 740 | K24: 716 | L24: 744 | M24: 720 | N24: 744 | O24: =SUM(C24:N24) -> 8667
A25: 100081807916W509 | B25: OBE PEAVINE 08-13-079-17W5 | C25: 740 | D25: 672 | E25: 744 | F25: 720 | G25: 740 | H25: 718 | I25: 743 | J25: 744 | K25: 720 | L25: 744 | M25: 720 | N25: 731 | O25: =SUM(C25:N25) -> 8736
A26: 100053207917W508 | B26: OBE DAWSON 12-33-079-17W5 | C26: 744 | D26: 661 | E26: 744 | F26: 708 | G26: 744 | H26: 720 | I26: 744 | J26: 744 | K26: 720 | L26: 496 | M26: 720 | N26: 744 | O26: =SUM(C26:N26) -> 8489
A27: 100132908216W509 | B27: OBE WALRUS 06-20-082-16W5 | C27: 740 | D27: 672 | E27: 736 | F27: 720 | G27: 596 | H27: 609 | I27: 707 | J27: 735 | K27: 718 | L27: 744 | M27: 716 | N27: 706 | O27: =SUM(C27:N27) -> 8399
A28: 100061307917W509 | B28: OBE DAWSON 04-24-079-17W5 | J28: 744 | K28: 720 | L28: 744 | M28: 720 | N28: 734 | O28: =SUM(C28:N28) -> 3662
A29: 100013208319W509 | B29: OBE CADOTTE 02-05-084-19W5 | C29: 743 | D29: 598 | E29: 744 | F29: 666 | G29: 584 | H29: 562 | I29: 743 | J29: 688 | K29: 720 | L29: 730 | M29: 718 | N29: 738 | O29: =SUM(C29:N29) -> 8234
A30: 103151908217W509 | B30: OBE HVS 06-31-082-17W5 | C30: 744 | D30: 672 | E30: 744 | F30: 720 | G30: 744 | H30: 720 | I30: 744 | J30: 740 | K30: 720 | L30: 744 | M30: 720 | N30: 744 | O30: =SUM(C30:N30) -> 8756
A31: 100033208319W509 | B31: OBE CADOTTE 02-05-084-19W5 | C31: 744 | D31: 670 | E31: 499 | F31: 553 | G31: 495 | H31: 532 | I31: 743 | J31: 693 | K31: 720 | L31: 733 | M31: 718 | N31: 744 | O31: =SUM(C31:N31) -> 7844
A32: 102052307917W508 | B32: OBE DAWSON 04-24-079-17W5 | G32: 336 | H32: 720 | I32: 738 | J32: 744 | K32: 720 | L32: 744 | M32: 720 | N32: 734 | O32: =SUM(C32:N32) -> 5456
A33: 100090608316W509 | B33: OBE WALRUS 15-01-083-17W5 | C33: 428 | D33: 495 | E33: 740 | F33: 720 | G33: 708 | H33: 716 | I33: 742 | J33: 744 | K33: 694 | L33: 739 | M33: 720 | N33: 744 | O33: =SUM(C33:N33) -> 8190
A34: 102021207917W509 | B34: OBE DAWSON 07-13-079-17W5 | C34: 744 | D34: 672 | E34: 744 | F34: 720 | G34: 744 | H34: 720 | I34: 744 | J34: 744 | K34: 720 | L34: 744 | M34: 720 | N34: 739 | O34: =SUM(C34:N34) -> 8755
A35: 100092208019W508 | B35: OBE DAWSON 09-21-080-19W5 | C35: 744 | D35: 670 | E35: 744 | F35: 716 | G35: 744 | H35: 716 | I35: 744 | J35: 736 | K35: 720 | L35: 744 | M35: 720 | N35: 744 | O35: =SUM(C35:N35) -> 8742
A36: 102122807917W508 | B36: OBE DAWSON 05-27-079-17W5 MWPB | C36: 744 | D36: 672 | E36: 744 | F36: 720 | G36: 744 | H36: 720 | I36: 744 | J36: 744 | K36: 526 | L36: 496 | M36: 720 | N36: 744 | O36: =SUM(C36:N36) -> 8318
A37: 103153008216W509 | B37: OBE WALRUS 15-19-082-16W5 | C37: 730 | D37: 672 | E37: 736 | F37: 720 | G37: 744 | H37: 720 | I37: 744 | J37: 742 | K37: 720 | L37: 744 | M37: 720 | N37: 744 | O37: =SUM(C37:N37) -> 8736
A38: 100052807917W508 | B38: OBE DAWSON 05-27-079-17W5 MWPB | C38: 744 | D38: 672 | E38: 744 | F38: 715 | G38: 743 | H38: 712 | I38: 744 | J38: 744 | K38: 526 | L38: 499 | M38: 588 | N38: 744 | O38: =SUM(C38:N38) -> 8175
A39: 102082107917W509 | B39: OBE DAWSON 04-23-079-17W5 | E39: 408 | F39: 720 | G39: 740 | H39: 720 | I39: 744 | J39: 744 | K39: 720 | L39: 744 | M39: 720 | N39: 744 | O39: =SUM(C39:N39) -> 7004
A40: 102141908317W509 | B40: OBE HVS 13-18-083-17W5 | F40: 408 | G40: 744 | H40: 711 | I40: 742 | J40: 686 | K40: 696 | L40: 740 | M40: 720 | N40: 744 | O40: =SUM(C40:N40) -> 6191
A41: 100122407917W508 | B41: OBE DAWSON 13-23-079-17W5 MWB | J41: 696 | K41: 718 | L41: 744 | M41: 720 | N41: 744 | O41: =SUM(C41:N41) -> 3622
A42: 100131808317W509 | B42: OBE HVS 14-07-083-17W5 MWB | J42: 739 | K42: 717 | L42: 743 | M42: 600 | N42: 744 | O42: =SUM(C42:N42) -> 3543
A43: 103113608218W509 | B43: OBE HVS 15-06-083-17W5 | C43: 744 | D43: 672 | E43: 743 | F43: 720 | G43: 744 | H43: 720 | I43: 725 | J43: 729 | K43: 720 | L43: 744 | M43: 710 | N43: 744 | O43: =SUM(C43:N43) -> 8715
A44: 103132208419W509 | B44: OBE CADOTTE 13-15-084-19W5 | C44: 568 | D44: 652 | E44: 744 | F44: 697 | G44: 735 | H44: 720 | I44: 744 | J44: 744 | K44: 720 | L44: 744 | M44: 712 | N44: 744 | O44: =SUM(C44:N44) -> 8524
A45: 100133008216W509 | B45: OBE WALRUS 13-19-082-16W5 | C45: 733 | D45: 666 | E45: 730 | F45: 720 | G45: 744 | H45: 720 | I45: 744 | J45: 744 | K45: 720 | L45: 744 | M45: 720 | N45: 736 | O45: =SUM(C45:N45) -> 8721
A46: 100012908218W509 | B46: OBE HVS 08-28-082-18W5 | C46: 730 | D46: 640 | E46: 744 | F46: 720 | G46: 744 | H46: 717 | I46: 744 | J46: 666 | K46: 720 | L46: 744 | M46: 720 | N46: 744 | O46: =SUM(C46:N46) -> 8633
A47: 100121407917W509 | B47: OBE DAWSON 13-13-079-17W5 | C47: 744 | D47: 670 | E47: 744 | F47: 720 | G47: 744 | H47: 720 | I47: 740 | J47: 744 | K47: 720 | L47: 744 | M47: 712 | N47: 744 | O47: =SUM(C47:N47) -> 8746
A48: 103032608218W509 | B48: OBE HVS 03-35-082-18W5 | C48: 744 | D48: 648 | E48: 739 | F48: 718 | G48: 732 | H48: 720 | I48: 742 | J48: 742 | K48: 720 | L48: 744 | M48: 480 | N48: 717 | O48: =SUM(C48:N48) -> 8446
A49: 103162107917W508 | B49: OBE DAWSON 13-23-079-17W5 MWB | J49: 692 | K49: 718 | L49: 744 | M49: 720 | N49: 396 | O49: =SUM(C49:N49) -> 3270
A50: 104051308218W509 | B50: OBE HVS 04-19-082-17W5 | C50: 742 | D50: 672 | E50: 743 | F50: 711 | G50: 738 | H50: 694 | I50: 744 | J50: 744 | K50: 707 | L50: 744 | M50: 720 | N50: 744 | O50: =SUM(C50:N50) -> 8703
A51: 100023208319W509 | B51: OBE CADOTTE 02-05-084-19W5 | C51: 460 | D51: 466 | E51: 419 | F51: 558 | G51: 474 | H51: 491 | I51: 743 | J51: 608 | K51: 720 | L51: 742 | M51: 718 | N51: 744 | O51: =SUM(C51:N51) -> 7143
A52: 102123207917W508 | B52: OBE DAWSON 12-33-079-17W5 | C52: 744 | D52: 664 | E52: 744 | F52: 720 | G52: 744 | H52: 720 | I52: 744 | J52: 742 | K52: 720 | L52: 744 | M52: 720 | N52: 744 | O52: =SUM(C52:N52) -> 8750
A53: 102092107917W509 | B53: OBE DAWSON 13-23-079-17W5 MWB | J53: 249 | K53: 544 | L53: 744 | M53: 720 | N53: 744 | O53: =SUM(C53:N53) -> 3001
A54: 106093208115W507 | B54: OBE SEAL 13-08-082-15W5 | C54: 744 | D54: 672 | E54: 712 | F54: 717 | G54: 674 | H54: 706 | I54: 710 | J54: 741 | K54: 708 | L54: 730 | M54: 712 | N54: 658 | O54: =SUM(C54:N54) -> 8484
A55: 100021207917W508 | B55: OBE DAWSON 07-13-079-17W5 | C55: 744 | D55: 672 | E55: 718 | F55: 720 | G55: 744 | H55: 720 | I55: 744 | J55: 744 | K55: 720 | L55: 744 | M55: 720 | N55: 743 | O55: =SUM(C55:N55) -> 8733
A56: 102122408218W509 | B56: OBE HVS 14-25-082-18W5 | C56: 732 | D56: 666 | E56: 744 | F56: 710 | G56: 743 | H56: 547 | I56: 738 | J56: 744 | K56: 720 | L56: 744 | M56: 720 | N56: 744 | O56: =SUM(C56:N56) -> 8552
A57: 105163208115W509 | B57: OBE SEAL 13-08-082-15W5 | C57: 744 | D57: 672 | E57: 734 | F57: 717 | G57: 732 | H57: 706 | I57: 713 | J57: 726 | K57: 686 | L57: 729 | M57: 720 | N57: 690 | O57: =SUM(C57:N57) -> 8569
A58: 104141908217W509 | B58: OBE HVS 06-31-082-17W5 | C58: 744 | D58: 672 | E58: 744 | F58: 720 | G58: 738 | H58: 720 | I58: 744 | J58: 734 | K58: 720 | L58: 744 | M58: 705 | N58: 744 | O58: =SUM(C58:N58) -> 8729
A59: 104083208115W509 | B59: OBE SEAL 13-08-082-15W5 | C59: 744 | D59: 672 | E59: 712 | F59: 685 | G59: 674 | H59: 706 | I59: 710 | J59: 741 | K59: 708 | L59: 730 | M59: 712 | N59: 658 | O59: =SUM(C59:N59) -> 8452
A60: 100132407917W508 | B60: OBE DAWSON 13-23-079-17W5 MWB | J60: 239 | K60: 718 | L60: 744 | M60: 720 | N60: 744 | O60: =SUM(C60:N60) -> 3165
A61: 100041307917W509 | B61: OBE DAWSON 04-24-079-17W5 | J61: 738 | K61: 696 | L61: 288 | M61: 720 | N61: 734 | O61: =SUM(C61:N61) -> 3176
A62: 100131908317W509 | B62: OBE HVS 13-18-083-17W5 | F62: 408 | G62: 744 | H62: 720 | I62: 742 | J62: 744 | K62: 720 | L62: 732 | M62: 720 | N62: 744 | O62: =SUM(C62:N62) -> 6274
A63: 102162107917W509 | B63: OBE DAWSON 13-23-079-17W5 MWB | C63: 744 | D63: 672 | E63: 744 | F63: 705 | G63: 744 | H63: 720 | I63: 48 | J63: 646 | K63: 718 | L63: 744 | M63: 720 | N63: 744 | O63: =SUM(C63:N63) -> 7949
A64: 100012807917W508 | B64: OBE DAWSON 13-23-079-17W5 MWB | C64: 744 | D64: 672 | E64: 744 | F64: 720 | G64: 744 | H64: 720 | I64: 96 | J64: 644 | K64: 502 | L64: 528 | M64: 720 | N64: 744 | O64: =SUM(C64:N64) -> 7578
A65: 100040708317W509 | B65: OBE HVS 13-05-083-18W5 | C65: 744 | D65: 672 | E65: 743 | F65: 720 | G65: 744 | H65: 720 | I65: 744 | J65: 744 | K65: 720 | L65: 744 | M65: 720 | N65: 744 | O65: =SUM(C65:N65) -> 8759
A66: 106010808215W505 | B66: OBE SEAL 13-08-082-15W5 | C66: 719 | D66: 672 | E66: 734 | F66: 717 | G66: 744 | H66: 706 | I66: 696 | J66: 741 | K66: 720 | L66: 742 | M66: 720 | N66: 696 | O66: =SUM(C66:N66) -> 8607
A67: 102092308218W509 | B67: OBE HVS 14-25-082-18W5 | C67: 744 | D67: 617 | E67: 742 | F67: 709 | G67: 659 | H67: 631 | I67: 722 | J67: 744 | K67: 504 | L67: 648 | M67: 720 | N67: 729 | O67: =SUM(C67:N67) -> 8169
A68: 100031608216W509 | B68: OBE WALRUS 07-21-082-16W5 | F68: 282 | G68: 726 | H68: 718 | I68: 744 | J68: 744 | K68: 720 | L68: 742 | M68: 720 | N68: 733 | O68: =SUM(C68:N68) -> 6129
A69: 104052408218W509 | B69: OBE HVS 12-13-082-18W5 | C69: 744 | D69: 669 | E69: 742 | F69: 720 | G69: 744 | H69: 720 | I69: 742 | J69: 742 | K69: 720 | L69: 725 | M69: 714 | N69: 744 | O69: =SUM(C69:N69) -> 8726
A70: 104092908115W506 | B70: OBE SEAL 13-08-082-15W5 | C70: 744 | D70: 672 | E70: 734 | F70: 645 | G70: 744 | H70: 706 | I70: 728 | J70: 701 | K70: 704 | L70: 726 | M70: 720 | N70: 676 | O70: =SUM(C70:N70) -> 8500
A71: 104131908217W509 | B71: OBE HVS 06-31-082-17W5 | C71: 741 | D71: 672 | E71: 744 | F71: 720 | G71: 744 | H71: 720 | I71: 744 | J71: 744 | K71: 720 | L71: 744 | M71: 720 | N71: 744 | O71: =SUM(C71:N71) -> 8757
A72: 100131407917W509 | B72: OBE DAWSON 13-13-079-17W5 | C72: 744 | D72: 670 | E72: 744 | F72: 720 | G72: 744 | H72: 720 | I72: 740 | J72: 744 | K72: 720 | L72: 740 | M72: 712 | N72: 744 | O72: =SUM(C72:N72) -> 8742
A73: 100042507917W509 | B73: OBE DAWSON 13-23-079-17W5 MWB | K73: 706 | L73: 744 | M73: 720 | N73: 744 | O73: =SUM(C73:N73) -> 2914
A74: 104160808215W509 | B74: OBE SEAL 13-08-082-15W5 | C74: 739 | D74: 672 | E74: 734 | F74: 717 | G74: 654 | H74: 706 | I74: 734 | J74: 482 | K74: 708 | L74: 730 | M74: 720 | N74: 582 | O74: =SUM(C74:N74) -> 8178
A75: 102082707917W508 | B75: OBE DAWSON 09-28-079-17W5 BT | K75: 132 | L75: 737 | M75: 720 | N75: 744 | O75: =SUM(C75:N75) -> 2333
A76: 100143008216W509 | B76: OBE WALRUS 13-19-082-16W5 | C76: 744 | D76: 672 | E76: 743 | F76: 720 | G76: 744 | H76: 717 | I76: 744 | J76: 744 | K76: 679 | L76: 744 | M76: 709 | N76: 742 | O76: =SUM(C76:N76) -> 8702
A77: 102092707917W508 | B77: OBE DAWSON 09-28-079-17W5 BT | K77: 456 | L77: 738 | M77: 720 | N77: 744 | O77: =SUM(C77:N77) -> 2658
A78: 102132807917W509 | B78: OBE DAWSON 05-27-079-17W5 MWPB | L78: 528 | M78: 720 | N78: 744 | O78: =SUM(C78:N78) -> 1992
A79: 106080508215W509 | B79: OBE SEAL 13-08-082-15W5 | C79: 720 | D79: 672 | E79: 734 | F79: 717 | G79: 720 | H79: 706 | I79: 698 | J79: 741 | K79: 716 | L79: 732 | M79: 720 | N79: 744 | O79: =SUM(C79:N79) -> 8620
A80: 1S0032908217W509 | B80: OBE HVS 04-32-082-17W5 | C80: 744 | D80: 672 | E80: 744 | F80: 718 | G80: 742 | H80: 719 | I80: 744 | J80: 744 | K80: 720 | L80: 744 | M80: 720 | N80: 744 | O80: =SUM(C80:N80) -> 8755
A81: 102103608218W509 | B81: OBE HVS 15-06-083-17W5 | C81: 744 | D81: 672 | E81: 744 | F81: 719 | G81: 742 | H81: 715 | I81: 742 | J81: 744 | K81: 720 | L81: 744 | M81: 720 | N81: 744 | O81: =SUM(C81:N81) -> 8750
A82: 100013407917W508 | B82: OBE DAWSON 09-28-079-17W5 BT | K82: 444 | L82: 744 | M82: 720 | N82: 744 | O82: =SUM(C82:N82) -> 2652
A83: 108160508215W506 | B83: OBE SEAL 13-08-082-15W5 | C83: 719 | D83: 672 | E83: 734 | F83: 717 | G83: 744 | H83: 706 | I83: 702 | J83: 741 | K83: 720 | L83: 742 | M83: 720 | N83: 696 | O83: =SUM(C83:N83) -> 8613
A84: 100101808216W509 | B84: OBE WALRUS 15-19-082-16W5 | C84: 744 | D84: 672 | E84: 744 | F84: 720 | G84: 744 | H84: 720 | I84: 744 | J84: 742 | K84: 720 | L84: 744 | M84: 616 | N84: 744 | O84: =SUM(C84:N84) -> 8654
A85: 100023007816W500 | B85: OBE PEAVINE 07-31-078-16W5 | C85: 715 | D85: 607 | E85: 720 | F85: 710 | G85: 723 | H85: 706 | I85: 648 | J85: 696 | K85: 720 | L85: 744 | M85: 720 | N85: 727 | O85: =SUM(C85:N85) -> 8436
A86: 102153008216W509 | B86: OBE WALRUS 15-19-082-16W5 | C86: 732 | D86: 672 | E86: 744 | F86: 720 | G86: 744 | H86: 720 | I86: 744 | J86: 742 | K86: 720 | L86: 744 | M86: 720 | N86: 744 | O86: =SUM(C86:N86) -> 8746
A87: 100161008218W509 | B87: OBE HVS 16-09-082-18W5 | F87: 664 | G87: 734 | H87: 720 | I87: 744 | J87: 738 | K87: 696 | L87: 740 | M87: 696 | N87: 737 | O87: =SUM(C87:N87) -> 6469
A88: 102062408218W509 | B88: OBE HVS 12-13-082-18W5 | C88: 744 | D88: 645 | E88: 729 | F88: 720 | G88: 744 | H88: 720 | I88: 710 | J88: 712 | K88: 720 | L88: 744 | M88: 714 | N88: 744 | O88: =SUM(C88:N88) -> 8646
A89: 100160107816W500 | B89: OBE DAWSON 15-02-078-16W5 | C89: 744 | D89: 672 | E89: 744 | F89: 720 | G89: 744 | H89: 720 | I89: 744 | J89: 744 | K89: 720 | L89: 744 | M89: 712 | N89: 718 | O89: =SUM(C89:N89) -> 8726
A90: 100030908013W508 | B90: OBE GIFT LAKE 13-33-079-13W5 | C90: 738 | D90: 663 | E90: 744 | F90: 714 | G90: 744 | H90: 712 | I90: 744 | J90: 737 | K90: 720 | L90: 744 | M90: 694 | N90: 663 | O90: =SUM(C90:N90) -> 8617
A91: 100021608216W509 | B91: OBE WALRUS 07-21-082-16W5 | C91: 625 | F91: 279 | G91: 605 | H91: 720 | I91: 744 | J91: 744 | K91: 720 | L91: 744 | M91: 720 | N91: 739 | O91: =SUM(C91:N91) -> 6640
A92: 100083408218W509 | B92: OBE HVS 03-35-082-18W5 | C92: 744 | D92: 672 | E92: 608 | F92: 588 | G92: 677 | H92: 706 | I92: 742 | J92: 742 | K92: 642 | L92: 744 | M92: 720 | N92: 744 | O92: =SUM(C92:N92) -> 8329
A93: 104093508218W509 | B93: OBE HVS 14-25-082-18W5 | C93: 744 | D93: 535 | E93: 694 | F93: 523 | G93: 578 | H93: 657 | I93: 715 | J93: 744 | K93: 720 | L93: 744 | M93: 720 | N93: 744 | O93: =SUM(C93:N93) -> 8118
A94: 1S0013008217W509 | B94: OBE HVS 04-32-082-17W5 | C94: 744 | D94: 672 | E94: 744 | F94: 720 | G94: 744 | H94: 720 | I94: 744 | J94: 744 | K94: 720 | L94: 744 | M94: 720 | N94: 720 | O94: =SUM(C94:N94) -> 8736
A95: 103090508415W509 | B95: OBE NAMPA 09-06-084-15W5 | E95: 312 | F95: 711 | G95: 743 | H95: 720 | I95: 744 | J95: 744 | K95: 710 | L95: 744 | M95: 720 | N95: 713 | O95: =SUM(C95:N95) -> 6861
A96: 102163008216W509 | B96: OBE WALRUS 15-19-082-16W5 | C96: 744 | D96: 670 | E96: 744 | F96: 720 | G96: 744 | H96: 720 | I96: 744 | J96: 742 | K96: 720 | L96: 744 | M96: 720 | N96: 744 | O96: =SUM(C96:N96) -> 8756
A97: 100162707917W508 | B97: OBE DAWSON 09-28-079-17W5 BT | J97: 134 | K97: 712 | L97: 744 | M97: 720 | N97: 744 | O97: =SUM(C97:N97) -> 3054
A98: 100092707917W508 | B98: OBE DAWSON 09-28-079-17W5 BT | J98: 144 | K98: 705 | L98: 737 | M98: 720 | N98: 744 | O98: =SUM(C98:N98) -> 3050
A99: 100042807917W509 | B99: OBE DAWSON 05-27-079-17W5 MWPB | L99: 304 | M99: 720 | N99: 744 | O99: =SUM(C99:N99) -> 1768
A100: 100162208019W509 | B100: OBE DAWSON 09-21-080-19W5 | C100: 740 | D100: 672 | E100: 493 | F100: 720 | G100: 744 | H100: 720 | I100: 744 | J100: 736 | K100: 720 | L100: 744 | M100: 720 | N100: 744 | O100: =SUM(C100:N100) -> 8497
A101: 103162908115W506 | B101: OBE SEAL 13-08-082-15W5 | C101: 456 | D101: 672 | E101: 734 | F101: 693 | G101: 734 | H101: 706 | I101: 728 | J101: 697 | K101: 695 | L101: 718 | M101: 720 | N101: 712 | O101: =SUM(C101:N101) -> 8265
...

Sheet Top 50 Producers
A1: Top 50 Oil Producing Wells — Peace River 2025
A3: Rank | B3: Well Identifier | C3: Facility Name | D3: Location | E3: 2025 Oil (bbl) | F3: Prod Hours | G3: Uptime % | H3: Avg bbl/cal day | I3: Avg bbl/prod day
A4: 1 | B4: 100021908317W509 | C4: OBE HVS 14-07-083-17W5 MWB | D4: 14-07-083-17W5 | E4: 78009 | F4: 5034 | G4: =F4/(365*24) -> 0.57465753 | H4: =E4/365 -> 213.72329 | I4: =IF(F4>0,E4/(F4/24),0) -> 371.91418
A5: 2 | B5: 100082908218W509 | C5: OBE HVS 08-28-082-18W5 | D5: 08-28-082-18W5 | E5: 75407 | F5: 8704 | G5: =F5/(365*24) -> 0.99360731 | H5: =E5/365 -> 206.59452 | I5: =IF(F5>0,E5/(F5/24),0) -> 207.92371
A6: 3 | B6: 102161808317W509 | C6: OBE HVS 13-08-083-17W5 | D6: 13-08-083-17W5 | E6: 75081 | F6: 6167 | G6: =F6/(365*24) -> 0.70399543 | H6: =E6/365 -> 205.70137 | I6: =IF(F6>0,E6/(F6/24),0) -> 292.19134
A7: 4 | B7: 100161508216W509 | C7: OBE WALRUS 07-21-082-16W5 | D7: 07-21-082-16W5 | E7: 71517 | F7: 5842 | G7: =F7/(365*24) -> 0.66689498 | H7: =E7/365 -> 195.93699 | I7: =IF(F7>0,E7/(F7/24),0) -> 293.80486
A8: 5 | B8: 102081807916W509 | C8: OBE PEAVINE 08-13-079-17W5 | D8: 13-079-17W5 | E8: 65335 | F8: 8753 | G8: =F8/(365*24) -> 0.99920091 | H8: =E8/365 -> 179 | I8: =IF(F8>0,E8/(F8/24),0) -> 179.14315
A9: 6 | B9: 100141708317W509 | C9: OBE HVS 13-08-083-17W5 | D9: 13-08-083-17W5 | E9: 65082 | F9: 8530 | G9: =F9/(365*24) -> 0.97374429 | H9: =E9/365 -> 178.30685 | I9: =IF(F9>0,E9/(F9/24),0) -> 183.11465
A10: 7 | B10: 100151908317W509 | C10: OBE HVS 13-18-083-17W5 | D10: 13-18-083-17W5 | E10: 62143 | F10: 8553 | G10: =F10/(365*24) -> 0.97636986 | H10: =E10/365 -> 170.25479 | I10: =IF(F10>0,E10/(F10/24),0) -> 174.37531
A11: 8 | B11: 102132307917W509 | C11: OBE DAWSON 04-23-079-17W5 | D11: 04-23-079-17W5 | E11: 61500 | F11: 6163 | G11: =F11/(365*24) -> 0.70353881 | H11: =E11/365 -> 168.49315 | I11: =IF(F11>0,E11/(F11/24),0) -> 239.49375
A12: 9 | B12: 102041207917W508 | C12: OBE DAWSON 13-13-079-17W5 | D12: 13-13-079-17W5 | E12: 60920 | F12: 8682 | G12: =F12/(365*24) -> 0.99109589 | H12: =E12/365 -> 166.90411 | I12: =IF(F12>0,E12/(F12/24),0) -> 168.40359
A13: 10 | B13: 100131708317W509 | C13: OBE HVS 13-08-083-17W5 | D13: 13-08-083-17W5 | E13: 56240 | F13: 6128 | G13: =F13/(365*24) -> 0.69954338 | H13: =E13/365 -> 154.08219 | I13: =IF(F13>0,E13/(F13/24),0) -> 220.2611
A14: 11 | B14: 100051907916W509 | C14: OBE PEAVINE 08-13-079-17W5 | D14: 13-079-17W5 | E14: 55442 | F14: 8706 | G14: =F14/(365*24) -> 0.99383562 | H14: =E14/365 -> 151.89589 | I14: =IF(F14>0,E14/(F14/24),0) -> 152.83804
A15: 12 | B15: 100141808317W509 | C15: OBE HVS 14-07-083-17W5 MWB | D15: 14-07-083-17W5 | E15: 53339 | F15: 3476 | G15: =F15/(365*24) -> 0.39680365 | H15: =E15/365 -> 146.13425 | I15: =IF(F15>0,E15/(F15/24),0) -> 368.27848
... A53: 50 | B53: 102092107917W509 | C53: OBE DAWSON 13-23-079-17W5 MWB | D53: 13-23-079-17W5 | E53: 30298 | F53: 3001 | G53: =F53/(365*24) -> 0.34257991 | H53: =E53/365 -> 83.008219 | I53: =IF(F53>0,E53/(F53/24),0) -> 242.30323
